transaction_id,customer_id,timestamp,category,amount_usd,payment_method,status
TXN-100335,CUST-69853,2023-07-30 11:05:05,Books,10.43,Bank Transfer,Approved
TXN-100381,CUST-18108,2023-08-28 02:11:47,Home & Kitchen,24.7,Apple Pay,Approved
TXN-100851,CUST-19156,2023-09-13 06:43:47,Books,27.49,Credit Card,Approved
TXN-100145,CUST-16499,2023-09-29 01:58:49,Books,19.09,Credit Card,Approved
TXN-100905,CUST-16499,2023-09-30 22:43:28,Home & Kitchen,161.63,Credit Card,Approved
TXN-100276,CUST-47302,2023-10-11 22:58:26,Books,14.57,PayPal,Declined
TXN-100441,CUST-29772,2023-10-19 23:17:51,Apparel,51.54,Apple Pay,Approved
TXN-100939,CUST-19156,2023-10-20 10:45:06,Apparel,21.55,Apple Pay,Approved
TXN-100315,CUST-85290,2023-10-31 22:03:39,Electronics,937.95,Apple Pay,Approved
TXN-100643,CUST-29470,2023-11-13 19:33:42,Home & Kitchen,181.5,Credit Card,Approved
TXN-100194,CUST-62153,2023-11-16 14:09:08,Apparel,135.76,Bank Transfer,Approved
TXN-100929,CUST-37363,2023-11-21 08:12:33,Electronics,570.08,PayPal,Approved
TXN-100657,CUST-51175,2023-11-27 10:46:22,Electronics,705.06,Credit Card,Approved
TXN-100849,CUST-51123,2023-12-08 18:02:40,Beauty,139.29,Bank Transfer,Approved
TXN-100634,CUST-88738,2023-12-13 21:48:01,Apparel,15.94,PayPal,Approved
TXN-100925,CUST-29094,2023-12-19 02:10:52,Apparel,108.32,Credit Card,Approved
TXN-100874,CUST-19494,2023-12-21 13:32:08,Books,25.6,Credit Card,Approved
TXN-100254,CUST-47674,2023-12-22 06:34:43,Beauty,48.36,Apple Pay,Approved
TXN-100026,CUST-84868,2023-12-25 04:43:35,Apparel,69.63,Credit Card,Approved
TXN-100419,CUST-94268,2024-01-14 17:44:14,Books,10.55,Bank Transfer,Approved
TXN-100417,CUST-90074,2024-01-14 20:10:46,Electronics,134.82,Apple Pay,Approved
TXN-100072,CUST-65642,2024-01-21 08:28:04,Beauty,157.6,Credit Card,Approved
TXN-100079,CUST-51761,2024-01-24 12:18:29,Books,47.01,Bank Transfer,Approved
TXN-100649,CUST-73565,2024-01-27 14:14:26,Beauty,36.98,Apple Pay,Approved
TXN-100647,CUST-94268,2024-01-30 10:21:04,Apparel,97.43,Bank Transfer,Approved
TXN-100164,CUST-86414,2024-01-31 01:02:46,Electronics,765.26,Credit Card,Approved
TXN-100452,CUST-33900,2024-01-31 22:44:31,Apparel,69.11,PayPal,Declined
TXN-100739,CUST-47674,2024-02-02 08:43:51,Home & Kitchen,164.65,Apple Pay,Approved
TXN-100549,CUST-84868,2024-02-02 23:42:00,Electronics,1022.58,Apple Pay,Approved
TXN-100406,CUST-27947,2024-02-06 18:41:04,Books,19.06,Credit Card,Approved
TXN-100813,CUST-31805,2024-02-08 15:09:28,Beauty,172.42,Bank Transfer,Approved
TXN-100729,CUST-86748,2024-02-09 09:27:02,Apparel,76.84,Bank Transfer,Approved
TXN-100013,CUST-62153,2024-02-29 08:19:17,Beauty,66.14,Credit Card,Approved
TXN-100231,CUST-17952,2024-03-10 18:07:23,Beauty,131.94,Credit Card,Approved
TXN-100305,CUST-36897,2024-03-11 22:37:09,Beauty,61.95,Credit Card,Approved
TXN-100149,CUST-73417,2024-03-12 02:02:37,Home & Kitchen,172.74,Apple Pay,Approved
TXN-100568,CUST-77676,2024-03-14 02:04:28,Books,29.73,Credit Card,Approved
TXN-100022,CUST-99291,2024-03-15 09:07:06,Beauty,137.71,Credit Card,Approved
TXN-100533,CUST-57931,2024-03-15 15:07:17,Electronics,640.37,Apple Pay,Approved
TXN-100014,CUST-65642,2024-03-18 09:50:47,Home & Kitchen,123.33,PayPal,Approved
TXN-100475,CUST-97051,2024-03-21 14:05:35,Home & Kitchen,225.2,Bank Transfer,Approved
TXN-100001,CUST-96313,2024-03-22 17:14:21,Electronics,942.44,Credit Card,Approved
TXN-100816,CUST-27947,2024-03-26 17:07:20,Home & Kitchen,173.95,Bank Transfer,Approved
TXN-100704,CUST-18108,2024-03-31 17:06:26,Electronics,1124.8,Apple Pay,Approved
TXN-100503,CUST-88738,2024-04-01 02:48:30,Books,40.8,Credit Card,Approved
TXN-100259,CUST-71027,2024-04-01 09:14:51,Home & Kitchen,181.86,Credit Card,Approved
TXN-100104,CUST-84868,2024-04-05 10:14:37,Books,19.9,PayPal,Approved
TXN-100384,CUST-61750,2024-04-06 12:04:39,Books,49.69,Apple Pay,Approved
TXN-100762,CUST-31160,2024-04-10 16:50:01,Apparel,146.76,PayPal,Approved
TXN-100708,CUST-82963,2024-04-16 05:36:14,Apparel,96.7,Bank Transfer,Declined
TXN-100411,CUST-49354,2024-04-16 22:36:58,Electronics,863.54,PayPal,Approved
TXN-100845,CUST-84115,2024-04-17 14:30:15,Apparel,136.85,Credit Card,Approved
TXN-100784,CUST-97051,2024-04-19 21:44:08,Electronics,774.0,PayPal,Approved
TXN-100946,CUST-94820,2024-04-21 21:57:54,Books,40.51,PayPal,Approved
TXN-100800,CUST-29781,2024-04-23 21:26:37,Beauty,91.18,PayPal,Approved
TXN-100896,CUST-69853,2024-04-25 22:19:13,Apparel,49.93,PayPal,Approved
TXN-100274,CUST-94820,2024-04-27 00:55:31,Apparel,50.96,Apple Pay,Approved
TXN-100518,CUST-27455,2024-04-30 03:19:57,Apparel,84.69,Credit Card,Approved
TXN-100747,CUST-29830,2024-05-02 17:37:22,Beauty,199.58,Bank Transfer,Approved
TXN-100743,CUST-79693,2024-05-04 00:55:51,Electronics,165.46,PayPal,Approved
TXN-100627,CUST-26952,2024-05-05 20:14:22,Books,46.65,Credit Card,Approved
TXN-100750,CUST-97641,2024-05-06 15:37:51,Beauty,118.15,Credit Card,Approved
TXN-100159,CUST-29094,2024-05-07 09:28:47,Apparel,26.53,PayPal,Approved
TXN-100234,CUST-46416,2024-05-11 22:49:28,Electronics,145.36,Credit Card,Approved
TXN-100521,CUST-24408,2024-05-12 11:16:15,Apparel,133.09,Apple Pay,Approved
TXN-100236,CUST-16499,2024-05-12 16:24:44,Books,10.71,PayPal,Approved
TXN-100957,CUST-26226,2024-05-16 11:31:38,Beauty,104.19,Apple Pay,Approved
TXN-100536,CUST-71027,2024-05-16 18:03:48,Electronics,172.52,Apple Pay,Approved
TXN-100040,CUST-89929,2024-05-17 02:42:38,Beauty,22.55,Apple Pay,Approved
TXN-100838,CUST-57415,2024-05-17 09:27:32,Electronics,744.64,Credit Card,Approved
TXN-100388,CUST-85290,2024-05-27 03:43:12,Home & Kitchen,90.58,Apple Pay,Approved
TXN-100682,CUST-75066,2024-05-27 04:59:27,Beauty,32.9,PayPal,Approved
TXN-100059,CUST-11581,2024-05-27 20:01:43,Apparel,102.01,PayPal,Approved
TXN-100148,CUST-95319,2024-05-28 23:14:11,Apparel,110.51,PayPal,Approved
TXN-100804,CUST-88738,2024-05-29 16:36:37,Beauty,141.6,Apple Pay,Approved
TXN-100131,CUST-92238,2024-05-31 16:05:29,Electronics,197.72,Credit Card,Approved
TXN-100438,CUST-36995,2024-06-03 21:57:03,Electronics,301.06,Apple Pay,Approved
TXN-100312,CUST-40583,2024-06-04 12:08:54,Books,28.76,PayPal,Approved
TXN-100759,CUST-38977,2024-06-06 15:18:05,Beauty,140.64,PayPal,Approved
TXN-100233,CUST-19156,2024-06-06 17:18:37,Electronics,831.96,Bank Transfer,Approved
TXN-100102,CUST-38977,2024-06-07 19:36:30,Books,28.44,Credit Card,Approved
TXN-100478,CUST-84231,2024-06-10 01:48:09,Electronics,149.84,Bank Transfer,Approved
TXN-100092,CUST-17602,2024-06-10 09:21:27,Books,11.39,PayPal,Approved
TXN-100848,CUST-65642,2024-06-10 22:52:51,Electronics,115.38,Credit Card,Approved
TXN-100338,CUST-99485,2024-06-11 18:52:30,Apparel,70.5,Credit Card,Approved
TXN-100947,CUST-97051,2024-06-18 04:28:15,Apparel,141.7,Credit Card,Approved
TXN-100835,CUST-97051,2024-06-22 13:00:46,Apparel,46.96,PayPal,Approved
TXN-100292,CUST-31894,2024-06-24 11:21:23,Electronics,307.25,Apple Pay,Approved
TXN-100839,CUST-23419,2024-07-02 15:25:20,Home & Kitchen,306.71,Apple Pay,Approved
TXN-100046,CUST-88738,2024-07-03 03:07:33,Electronics,1192.3,Bank Transfer,Approved
TXN-100675,CUST-81793,2024-07-03 11:05:04,Electronics,377.95,Apple Pay,Declined
TXN-100169,CUST-16499,2024-07-04 11:37:10,Electronics,960.76,Apple Pay,Approved
TXN-100878,CUST-62153,2024-07-06 07:44:53,Beauty,27.1,Bank Transfer,Approved
TXN-100629,CUST-60566,2024-07-09 00:52:35,Books,36.83,PayPal,Approved
TXN-100291,CUST-99291,2024-07-12 00:45:11,Beauty,14.87,PayPal,Approved
TXN-100016,CUST-68875,2024-07-14 10:09:37,Beauty,118.41,Credit Card,Approved
TXN-100302,CUST-84231,2024-07-16 11:48:33,Electronics,469.1,Bank Transfer,Approved
TXN-100833,CUST-86414,2024-07-20 18:18:23,Beauty,161.4,Credit Card,Approved
TXN-100571,CUST-29781,2024-07-20 21:27:56,Beauty,106.52,Apple Pay,Declined
TXN-100875,CUST-24408,2024-07-21 07:31:52,Home & Kitchen,146.52,Credit Card,Approved
TXN-100392,CUST-49071,2024-07-21 10:54:25,Apparel,81.74,Credit Card,Approved
TXN-100235,CUST-18519,2024-07-24 07:56:45,Electronics,60.73,Credit Card,Approved
TXN-100017,CUST-57659,2024-07-25 23:05:57,Apparel,72.42,Credit Card,Approved
TXN-100881,CUST-85107,2024-07-26 09:48:02,Electronics,647.64,Bank Transfer,Approved
TXN-100922,CUST-94820,2024-07-26 16:10:36,Beauty,102.37,Credit Card,Approved
TXN-100920,CUST-47740,2024-07-27 05:25:18,Apparel,101.99,Credit Card,Approved
TXN-100775,CUST-31621,2024-07-27 10:24:01,Apparel,89.17,Credit Card,Approved
TXN-100545,CUST-31621,2024-07-28 00:23:31,Electronics,982.13,Apple Pay,Approved
TXN-100402,CUST-49354,2024-07-29 08:06:01,Home & Kitchen,221.55,Bank Transfer,Approved
TXN-100409,CUST-31894,2024-07-29 13:35:37,Apparel,91.01,Credit Card,Approved
TXN-100717,CUST-61242,2024-07-31 10:41:04,Home & Kitchen,41.15,Credit Card,Approved
TXN-100623,CUST-99181,2024-08-02 01:23:09,Electronics,1094.19,Bank Transfer,Approved
TXN-100359,CUST-23419,2024-08-02 02:28:43,Apparel,58.34,Apple Pay,Approved
TXN-100093,CUST-37363,2024-08-02 12:11:45,Electronics,1083.33,Credit Card,Approved
TXN-100170,CUST-97051,2024-08-03 01:45:44,Home & Kitchen,27.95,Apple Pay,Approved
TXN-100668,CUST-49071,2024-08-03 18:35:10,Books,30.99,Apple Pay,Approved
TXN-100843,CUST-90487,2024-08-06 03:43:49,Electronics,377.64,PayPal,Approved
TXN-100443,CUST-69795,2024-08-06 15:04:59,Beauty,139.0,Credit Card,Approved
TXN-100195,CUST-77676,2024-08-07 07:16:29,Electronics,93.87,Apple Pay,Approved
TXN-100516,CUST-16105,2024-08-07 20:25:39,Electronics,986.44,PayPal,Approved
TXN-100436,CUST-55482,2024-08-08 17:38:26,Home & Kitchen,388.81,Apple Pay,Approved
TXN-100928,CUST-99181,2024-08-10 04:10:00,Books,14.56,Apple Pay,Approved
TXN-100138,CUST-84868,2024-08-10 11:56:08,Apparel,69.47,Bank Transfer,Approved
TXN-100352,CUST-31621,2024-08-11 09:49:05,Apparel,47.64,PayPal,Approved
TXN-100617,CUST-90074,2024-08-11 13:55:49,Apparel,15.99,Credit Card,Approved
TXN-100453,CUST-86748,2024-08-12 09:26:02,Electronics,674.76,Apple Pay,Approved
TXN-100221,CUST-97051,2024-08-13 12:55:53,Home & Kitchen,230.53,Bank Transfer,Approved
TXN-100656,CUST-84231,2024-08-14 02:05:02,Home & Kitchen,88.63,Bank Transfer,Approved
TXN-100834,CUST-82118,2024-08-22 02:06:54,Books,26.51,PayPal,Approved
TXN-100321,CUST-51123,2024-08-24 10:39:53,Books,37.71,Apple Pay,Approved
TXN-100328,CUST-33097,2024-08-24 19:07:25,Home & Kitchen,192.16,PayPal,Approved
TXN-100888,CUST-18108,2024-08-25 14:06:35,Home & Kitchen,130.29,Apple Pay,Approved
TXN-100010,CUST-75100,2024-08-26 05:52:43,Books,16.51,Bank Transfer,Approved
TXN-100168,CUST-21928,2024-08-26 17:22:16,Electronics,998.82,Credit Card,Approved
TXN-100606,CUST-93743,2024-08-29 00:50:03,Beauty,153.55,Credit Card,Approved
TXN-100028,CUST-29830,2024-08-29 05:44:08,Apparel,108.51,Apple Pay,Approved
TXN-100420,CUST-73417,2024-09-03 22:35:19,Electronics,970.52,Bank Transfer,Approved
TXN-100186,CUST-84868,2024-09-04 10:49:41,Books,16.04,Bank Transfer,Approved
TXN-100230,CUST-82118,2024-09-11 11:35:43,Home & Kitchen,347.73,Credit Card,Approved
TXN-100638,CUST-51175,2024-09-12 01:01:56,Apparel,49.11,Apple Pay,Approved
TXN-100185,CUST-80868,2024-09-15 05:59:34,Apparel,59.29,Credit Card,Approved
TXN-100334,CUST-22267,2024-09-15 12:51:32,Apparel,23.12,Credit Card,Approved
TXN-100672,CUST-29094,2024-09-16 18:10:04,Books,37.48,PayPal,Approved
TXN-100692,CUST-31621,2024-09-17 15:40:44,Apparel,77.84,Credit Card,Approved
TXN-100680,CUST-16891,2024-09-18 22:07:11,Apparel,47.19,Apple Pay,Approved
TXN-100457,CUST-64810,2024-09-19 20:32:30,Books,36.97,Bank Transfer,Approved
TXN-100855,CUST-89929,2024-09-25 03:20:53,Home & Kitchen,292.4,PayPal,Approved
TXN-100818,CUST-80868,2024-09-25 05:06:34,Home & Kitchen,356.71,Bank Transfer,Approved
TXN-100121,CUST-57415,2024-09-25 10:58:53,Electronics,175.11,PayPal,Approved
TXN-100554,CUST-82118,2024-09-27 14:16:21,Apparel,133.47,Bank Transfer,Approved
TXN-100731,CUST-61658,2024-09-27 17:52:42,Apparel,114.09,Credit Card,Approved
TXN-100537,CUST-68875,2024-09-28 20:41:37,Beauty,32.34,Credit Card,Approved
TXN-100299,CUST-75100,2024-09-29 12:11:59,Electronics,943.44,Bank Transfer,Approved
TXN-100344,CUST-79693,2024-10-02 11:27:40,Apparel,20.94,Credit Card,Approved
TXN-100023,CUST-95319,2024-10-04 18:43:21,Electronics,893.04,Bank Transfer,Approved
TXN-100524,CUST-84868,2024-10-06 14:36:48,Books,15.96,Credit Card,Approved
TXN-100434,CUST-29781,2024-10-09 20:49:19,Electronics,215.39,Apple Pay,Approved
TXN-100951,CUST-47959,2024-10-11 20:07:31,Beauty,52.27,PayPal,Approved
TXN-100822,CUST-15138,2024-10-16 21:21:21,Apparel,96.65,Credit Card,Approved
TXN-100298,CUST-94268,2024-10-16 21:44:15,Electronics,1128.22,Credit Card,Approved
TXN-100301,CUST-19594,2024-10-17 09:04:34,Beauty,37.86,Bank Transfer,Approved
TXN-100120,CUST-18158,2024-10-19 18:58:29,Beauty,42.62,PayPal,Approved
TXN-100454,CUST-18158,2024-10-19 19:14:31,Apparel,136.89,Credit Card,Approved
TXN-100624,CUST-38140,2024-10-22 01:36:36,Books,19.62,Bank Transfer,Approved
TXN-100270,CUST-61658,2024-10-24 02:49:55,Apparel,122.84,Apple Pay,Approved
TXN-100464,CUST-99391,2024-10-30 00:53:21,Books,44.56,Credit Card,Declined
TXN-100066,CUST-18827,2024-10-30 18:08:12,Beauty,49.9,Apple Pay,Approved
TXN-100081,CUST-74709,2024-11-02 16:56:03,Apparel,57.08,PayPal,Approved
TXN-100690,CUST-29094,2024-11-03 02:40:23,Apparel,70.63,Credit Card,Approved
TXN-100295,CUST-29920,2024-11-04 16:55:28,Electronics,874.66,Bank Transfer,Approved
TXN-100590,CUST-57024,2024-11-05 05:30:12,Home & Kitchen,318.38,PayPal,Approved
TXN-100538,CUST-47674,2024-11-05 20:13:03,Home & Kitchen,159.42,PayPal,Approved
TXN-100595,CUST-19494,2024-11-06 07:57:05,Beauty,23.71,Credit Card,Approved
TXN-100662,CUST-38140,2024-11-07 10:15:41,Electronics,813.18,Credit Card,Approved
TXN-100846,CUST-84868,2024-11-07 12:11:45,Books,13.51,PayPal,Approved
TXN-100200,CUST-33900,2024-11-08 14:34:51,Home & Kitchen,240.47,PayPal,Approved
TXN-100397,CUST-61750,2024-11-09 00:09:09,Apparel,137.04,Bank Transfer,Approved
TXN-100712,CUST-16105,2024-11-11 23:04:54,Electronics,271.63,Bank Transfer,Approved
TXN-100418,CUST-73417,2024-11-12 19:36:13,Books,43.45,Apple Pay,Approved
TXN-100778,CUST-18108,2024-11-15 00:36:36,Home & Kitchen,116.73,Apple Pay,Approved
TXN-100124,CUST-11581,2024-11-16 01:31:07,Apparel,126.94,Bank Transfer,Approved
TXN-100543,CUST-91134,2024-11-16 08:56:50,Apparel,95.36,Credit Card,Approved
TXN-100510,CUST-93743,2024-11-16 16:54:06,Apparel,22.03,Bank Transfer,Approved
TXN-100917,CUST-13342,2024-11-16 20:06:10,Electronics,1053.17,PayPal,Approved
TXN-100765,CUST-60566,2024-11-17 14:51:50,Apparel,101.23,PayPal,Declined
TXN-100238,CUST-85290,2024-11-18 01:55:02,Beauty,144.75,Credit Card,Approved
TXN-100174,CUST-84830,2024-11-20 00:09:31,Books,10.05,Apple Pay,Approved
TXN-100738,CUST-90487,2024-11-20 11:10:11,Electronics,1189.24,Apple Pay,Approved
TXN-100646,CUST-81793,2024-11-20 15:42:22,Home & Kitchen,306.93,Credit Card,Approved
TXN-100333,CUST-44438,2024-11-22 18:22:56,Apparel,85.75,PayPal,Approved
TXN-100597,CUST-17602,2024-11-23 10:42:34,Beauty,167.2,Apple Pay,Approved
TXN-100553,CUST-19156,2024-11-26 07:12:34,Home & Kitchen,305.27,Bank Transfer,Approved
TXN-100697,CUST-54833,2024-11-29 05:51:34,Books,22.58,Bank Transfer,Approved
TXN-100713,CUST-75066,2024-11-30 02:04:41,Home & Kitchen,210.5,Credit Card,Approved
TXN-100774,CUST-33900,2024-12-02 21:28:55,Home & Kitchen,277.58,PayPal,Approved
TXN-100871,CUST-64937,2024-12-03 08:56:02,Apparel,111.23,Apple Pay,Approved
TXN-100530,CUST-89929,2024-12-05 17:30:50,Home & Kitchen,39.02,PayPal,Approved
TXN-100459,CUST-19494,2024-12-06 07:23:54,Home & Kitchen,289.52,Apple Pay,Approved
TXN-100324,CUST-99485,2024-12-06 11:47:29,Books,33.26,PayPal,Approved
TXN-100909,CUST-51123,2024-12-07 07:09:42,Beauty,98.16,PayPal,Approved
TXN-100761,CUST-68875,2024-12-07 21:57:06,Home & Kitchen,108.19,PayPal,Approved
TXN-100308,CUST-65642,2024-12-08 04:30:42,Books,33.61,PayPal,Approved
TXN-100735,CUST-61750,2024-12-11 08:17:54,Home & Kitchen,250.48,Apple Pay,Approved
TXN-100341,CUST-61658,2024-12-11 22:53:24,Apparel,62.77,Credit Card,Approved
TXN-100702,CUST-19156,2024-12-14 00:08:35,Electronics,1012.65,PayPal,Approved
TXN-100674,CUST-89929,2024-12-14 02:59:03,Apparel,109.47,Bank Transfer,Approved
TXN-100116,CUST-55020,2024-12-14 13:14:41,Beauty,177.9,PayPal,Approved
TXN-100809,CUST-29830,2024-12-15 12:29:47,Books,45.04,PayPal,Approved
TXN-100824,CUST-67753,2024-12-16 07:01:58,Apparel,105.32,Credit Card,Approved
TXN-100055,CUST-57415,2024-12-19 03:42:11,Books,40.23,Credit Card,Approved
TXN-100285,CUST-93743,2024-12-21 02:00:57,Electronics,125.55,Apple Pay,Approved
TXN-100281,CUST-15138,2024-12-21 20:48:06,Books,11.62,PayPal,Approved
TXN-100570,CUST-57931,2024-12-25 05:15:43,Home & Kitchen,203.34,PayPal,Approved
TXN-100107,CUST-28889,2024-12-26 10:41:32,Apparel,128.48,PayPal,Approved
TXN-100000,CUST-38600,2024-12-27 16:01:28,Apparel,86.8,PayPal,Approved
TXN-100363,CUST-80239,2024-12-31 22:53:41,Books,19.94,Credit Card,Approved
TXN-100303,CUST-93743,2025-01-03 14:27:22,Beauty,137.14,Bank Transfer,Approved
TXN-100776,CUST-38977,2025-01-04 18:02:52,Electronics,758.84,Apple Pay,Approved
TXN-100891,CUST-16105,2025-01-05 15:11:50,Home & Kitchen,276.12,Credit Card,Approved
TXN-100614,CUST-80868,2025-01-08 21:18:42,Books,15.35,Bank Transfer,Approved
TXN-100869,CUST-92657,2025-01-09 04:46:28,Home & Kitchen,94.87,Apple Pay,Approved
TXN-100577,CUST-56621,2025-01-12 09:54:57,Books,41.08,Apple Pay,Approved
TXN-100906,CUST-38140,2025-01-13 03:10:52,Apparel,109.67,PayPal,Approved
TXN-100575,CUST-54909,2025-01-14 05:54:13,Apparel,42.11,Apple Pay,Approved
TXN-100555,CUST-23299,2025-01-14 08:18:49,Home & Kitchen,333.79,Apple Pay,Approved
TXN-100859,CUST-26952,2025-01-14 18:18:34,Beauty,121.73,PayPal,Approved
TXN-100261,CUST-66429,2025-01-15 21:46:29,Home & Kitchen,350.85,Bank Transfer,Approved
TXN-100677,CUST-94268,2025-01-17 17:55:00,Books,19.32,PayPal,Approved
TXN-100940,CUST-23299,2025-01-18 23:23:19,Beauty,140.8,Credit Card,Approved
TXN-100282,CUST-16105,2025-01-19 07:09:43,Apparel,85.42,Credit Card,Approved
TXN-100494,CUST-25119,2025-01-19 22:29:44,Electronics,281.94,Apple Pay,Approved
TXN-100798,CUST-28907,2025-01-21 03:01:15,Beauty,172.96,Bank Transfer,Approved
TXN-100863,CUST-90487,2025-01-23 16:27:28,Home & Kitchen,203.38,Apple Pay,Approved
TXN-100820,CUST-47740,2025-01-25 22:55:07,Apparel,76.87,Apple Pay,Approved
TXN-100157,CUST-86748,2025-01-26 01:54:45,Home & Kitchen,358.68,Apple Pay,Approved
TXN-100262,CUST-57415,2025-01-27 20:33:07,Electronics,862.33,PayPal,Approved
TXN-100664,CUST-69795,2025-01-31 15:30:14,Electronics,607.71,Bank Transfer,Approved
TXN-100862,CUST-79693,2025-02-02 14:38:14,Beauty,113.08,Credit Card,Approved
TXN-100979,CUST-57415,2025-02-03 01:43:33,Apparel,124.68,Apple Pay,Approved
TXN-100885,CUST-55020,2025-02-03 03:24:15,Books,44.85,Credit Card,Approved
TXN-100272,CUST-68411,2025-02-04 22:52:17,Home & Kitchen,142.57,Apple Pay,Approved
TXN-100455,CUST-29920,2025-02-04 23:09:38,Apparel,74.61,Apple Pay,Approved
TXN-100523,CUST-39201,2025-02-06 08:07:56,Electronics,426.76,Credit Card,Approved
TXN-100827,CUST-57024,2025-02-07 03:42:04,Apparel,148.4,PayPal,Approved
TXN-100151,CUST-31160,2025-02-07 06:45:34,Electronics,100.6,PayPal,Approved
TXN-100514,CUST-93743,2025-02-07 14:46:55,Apparel,123.33,Bank Transfer,Approved
TXN-100408,CUST-33900,2025-02-07 19:49:02,Beauty,29.4,PayPal,Approved
TXN-100347,CUST-50875,2025-02-08 06:18:56,Books,10.9,PayPal,Approved
TXN-100189,CUST-97641,2025-02-10 00:12:03,Electronics,213.08,PayPal,Approved
TXN-100260,CUST-64804,2025-02-10 01:51:24,Apparel,149.27,Credit Card,Approved
TXN-100178,CUST-33900,2025-02-10 03:08:14,Home & Kitchen,155.13,Bank Transfer,Approved
TXN-100355,CUST-21928,2025-02-11 04:46:03,Books,30.19,Apple Pay,Approved
TXN-100986,CUST-28889,2025-02-11 15:03:36,Books,39.73,PayPal,Approved
TXN-100994,CUST-18108,2025-02-12 01:39:58,Beauty,99.23,Bank Transfer,Approved
TXN-100496,CUST-17952,2025-02-12 21:04:11,Beauty,164.06,PayPal,Approved
TXN-100115,CUST-75100,2025-02-13 15:12:47,Home & Kitchen,175.72,Credit Card,Approved
TXN-100109,CUST-83148,2025-02-15 00:13:50,Beauty,174.56,Credit Card,Approved
TXN-100527,CUST-90074,2025-02-17 03:13:11,Home & Kitchen,348.32,PayPal,Approved
TXN-100278,CUST-71027,2025-02-19 15:07:58,Apparel,139.89,PayPal,Approved
TXN-100122,CUST-55533,2025-02-19 22:07:25,Electronics,1171.88,Bank Transfer,Approved
TXN-100547,CUST-47959,2025-02-20 12:03:12,Home & Kitchen,312.67,Credit Card,Approved
TXN-100814,CUST-13342,2025-02-20 23:45:35,Home & Kitchen,279.16,Bank Transfer,Approved
TXN-100216,CUST-51761,2025-02-21 02:44:42,Home & Kitchen,339.42,PayPal,Approved
TXN-100327,CUST-62153,2025-02-23 13:01:26,Beauty,148.15,Credit Card,Approved
TXN-100356,CUST-33097,2025-02-23 14:42:52,Books,33.5,PayPal,Approved
TXN-100162,CUST-25119,2025-02-24 07:43:02,Electronics,552.8,Bank Transfer,Approved
TXN-100041,CUST-36995,2025-02-24 17:59:02,Apparel,46.15,Bank Transfer,Approved
TXN-100628,CUST-38600,2025-02-25 01:58:29,Beauty,127.77,Apple Pay,Approved
TXN-100532,CUST-26226,2025-02-25 16:47:56,Beauty,31.46,Credit Card,Approved
TXN-100063,CUST-68411,2025-02-28 19:56:39,Home & Kitchen,398.66,PayPal,Approved
TXN-100277,CUST-82118,2025-03-01 13:15:46,Books,43.41,Bank Transfer,Approved
TXN-100100,CUST-80868,2025-03-01 22:44:27,Books,45.34,Credit Card,Declined
TXN-100897,CUST-89929,2025-03-02 04:52:45,Beauty,175.23,Bank Transfer,Approved
TXN-100576,CUST-34983,2025-03-02 21:22:55,Beauty,42.43,Apple Pay,Approved
TXN-100314,CUST-80868,2025-03-06 10:22:11,Apparel,58.73,PayPal,Approved
TXN-100901,CUST-40583,2025-03-07 05:22:26,Beauty,16.31,Apple Pay,Approved
TXN-100572,CUST-33900,2025-03-08 19:57:34,Apparel,54.31,Bank Transfer,Approved
TXN-100596,CUST-60566,2025-03-09 21:29:24,Apparel,75.33,Credit Card,Approved
TXN-100015,CUST-90487,2025-03-10 14:46:48,Books,43.98,PayPal,Approved
TXN-100493,CUST-51175,2025-03-12 23:09:40,Apparel,50.83,Bank Transfer,Approved
TXN-100528,CUST-16105,2025-03-13 21:04:22,Books,20.85,Apple Pay,Approved
TXN-100556,CUST-84231,2025-03-15 00:09:49,Beauty,181.79,Apple Pay,Approved
TXN-100977,CUST-64937,2025-03-15 06:57:52,Beauty,97.94,Credit Card,Approved
TXN-100188,CUST-97641,2025-03-15 08:05:57,Electronics,64.51,Apple Pay,Approved
TXN-100075,CUST-71027,2025-03-16 16:46:23,Apparel,121.72,Apple Pay,Approved
TXN-100812,CUST-71027,2025-03-17 02:17:48,Electronics,304.33,Bank Transfer,Approved
TXN-100192,CUST-17952,2025-03-19 08:49:31,Home & Kitchen,118.73,Bank Transfer,Approved
TXN-100336,CUST-88941,2025-03-20 06:22:43,Electronics,724.13,Bank Transfer,Approved
TXN-100053,CUST-67753,2025-03-23 00:25:36,Home & Kitchen,338.86,Apple Pay,Approved
TXN-100975,CUST-22770,2025-03-23 21:30:47,Electronics,478.07,Credit Card,Declined
TXN-100326,CUST-51175,2025-03-24 11:22:29,Beauty,180.22,Bank Transfer,Approved
TXN-100583,CUST-71027,2025-03-24 12:52:34,Books,40.85,Apple Pay,Approved
TXN-100105,CUST-19594,2025-03-24 19:09:44,Electronics,505.48,PayPal,Declined
TXN-100077,CUST-46416,2025-03-26 02:00:49,Apparel,18.95,Credit Card,Approved
TXN-100383,CUST-85752,2025-03-29 02:36:53,Books,32.77,Credit Card,Approved
TXN-100369,CUST-39201,2025-04-03 07:39:03,Apparel,106.94,Apple Pay,Approved
TXN-100666,CUST-13544,2025-04-03 17:37:14,Home & Kitchen,230.82,PayPal,Approved
TXN-100858,CUST-55020,2025-04-04 13:36:21,Beauty,48.79,Apple Pay,Approved
TXN-100691,CUST-87217,2025-04-04 16:11:53,Books,18.49,Bank Transfer,Approved
TXN-100099,CUST-87905,2025-04-04 17:32:16,Apparel,48.39,Apple Pay,Approved
TXN-100943,CUST-49354,2025-04-07 08:18:11,Books,48.69,Bank Transfer,Approved
TXN-100133,CUST-14914,2025-04-08 00:56:29,Beauty,180.02,Credit Card,Approved
TXN-100049,CUST-21928,2025-04-09 10:10:43,Home & Kitchen,70.39,Credit Card,Approved
TXN-100393,CUST-82963,2025-04-10 03:15:52,Apparel,37.09,Credit Card,Approved
TXN-100853,CUST-29920,2025-04-10 05:53:27,Apparel,108.89,Bank Transfer,Approved
TXN-100670,CUST-13342,2025-04-11 13:09:07,Books,35.24,Credit Card,Approved
TXN-100887,CUST-62153,2025-04-11 19:13:10,Home & Kitchen,393.09,Bank Transfer,Approved
TXN-100083,CUST-90074,2025-04-14 05:19:46,Books,46.42,Bank Transfer,Approved
TXN-100432,CUST-54909,2025-04-15 04:56:15,Apparel,124.24,PayPal,Declined
TXN-100365,CUST-69795,2025-04-15 05:41:12,Electronics,749.81,Bank Transfer,Approved
TXN-100569,CUST-66429,2025-04-15 22:06:10,Books,27.91,Bank Transfer,Approved
TXN-100225,CUST-82016,2025-04-16 01:41:21,Beauty,19.44,PayPal,Approved
TXN-100193,CUST-62294,2025-04-17 00:42:56,Apparel,48.76,Bank Transfer,Approved
TXN-100782,CUST-18229,2025-04-19 05:14:23,Electronics,552.12,Credit Card,Approved
TXN-100767,CUST-55020,2025-04-20 07:01:52,Apparel,100.72,Apple Pay,Approved
TXN-100610,CUST-16891,2025-04-20 17:09:29,Electronics,444.38,Bank Transfer,Approved
TXN-100020,CUST-76510,2025-04-22 09:32:07,Beauty,144.81,Credit Card,Approved
TXN-100362,CUST-23419,2025-04-23 12:47:42,Apparel,141.46,Bank Transfer,Approved
TXN-100742,CUST-84289,2025-04-24 12:23:42,Books,41.29,Apple Pay,Approved
TXN-100058,CUST-13027,2025-04-24 14:57:35,Beauty,114.35,Bank Transfer,Approved
TXN-100095,CUST-80239,2025-04-26 14:04:21,Apparel,29.48,Apple Pay,Approved
TXN-100187,CUST-49291,2025-04-27 07:30:59,Apparel,29.75,Bank Transfer,Approved
TXN-100936,CUST-33900,2025-04-28 04:46:06,Books,35.28,Apple Pay,Approved
TXN-100777,CUST-97584,2025-04-28 11:50:11,Beauty,180.08,Bank Transfer,Approved
TXN-100479,CUST-69853,2025-04-28 16:35:02,Beauty,71.63,Credit Card,Approved
TXN-100180,CUST-51123,2025-04-28 22:02:24,Apparel,142.43,Credit Card,Approved
TXN-100427,CUST-38600,2025-04-29 01:14:31,Home & Kitchen,155.6,Credit Card,Approved
TXN-100206,CUST-18519,2025-05-01 05:33:41,Beauty,131.09,Apple Pay,Approved
TXN-100289,CUST-61242,2025-05-01 08:54:36,Books,48.75,Apple Pay,Approved
TXN-100969,CUST-84830,2025-05-01 17:25:06,Electronics,229.02,Apple Pay,Approved
TXN-100559,CUST-87905,2025-05-02 09:52:01,Books,34.77,PayPal,Approved
TXN-100724,CUST-38977,2025-05-03 04:41:42,Electronics,1036.94,Credit Card,Approved
TXN-100119,CUST-95319,2025-05-04 03:14:29,Electronics,684.28,Apple Pay,Approved
TXN-100306,CUST-66045,2025-05-04 10:28:06,Electronics,648.35,Credit Card,Approved
TXN-100423,CUST-54909,2025-05-04 13:08:35,Apparel,94.55,Bank Transfer,Approved
TXN-100088,CUST-52445,2025-05-04 20:25:48,Electronics,371.78,PayPal,Approved
TXN-100030,CUST-57931,2025-05-05 13:53:40,Home & Kitchen,102.79,Credit Card,Approved
TXN-100366,CUST-34983,2025-05-05 20:33:16,Electronics,685.2,PayPal,Approved
TXN-100448,CUST-97051,2025-05-09 05:35:07,Home & Kitchen,224.69,Apple Pay,Approved
TXN-100012,CUST-16328,2025-05-09 13:59:36,Home & Kitchen,230.54,Apple Pay,Approved
TXN-100564,CUST-87905,2025-05-10 08:57:07,Beauty,11.72,Bank Transfer,Approved
TXN-100831,CUST-18519,2025-05-10 13:18:23,Beauty,110.96,PayPal,Approved
TXN-100057,CUST-23507,2025-05-10 22:58:12,Home & Kitchen,318.35,Bank Transfer,Approved
TXN-100360,CUST-13342,2025-05-12 03:12:06,Beauty,154.11,PayPal,Approved
TXN-100850,CUST-20728,2025-05-12 04:37:15,Electronics,1123.97,PayPal,Approved
TXN-100351,CUST-23507,2025-05-13 10:09:46,Books,21.34,Credit Card,Approved
TXN-100694,CUST-18158,2025-05-15 04:38:40,Home & Kitchen,164.43,PayPal,Approved
TXN-100655,CUST-87217,2025-05-15 05:45:14,Electronics,1022.5,Apple Pay,Approved
TXN-100890,CUST-73565,2025-05-16 23:21:49,Home & Kitchen,340.48,Apple Pay,Approved
TXN-100706,CUST-21265,2025-05-17 22:43:15,Electronics,353.59,Credit Card,Approved
TXN-100935,CUST-98630,2025-05-20 00:29:01,Home & Kitchen,361.69,Apple Pay,Approved
TXN-100426,CUST-44438,2025-05-22 09:57:06,Apparel,113.14,Credit Card,Approved
TXN-100199,CUST-66045,2025-05-22 15:14:24,Home & Kitchen,165.1,Bank Transfer,Approved
TXN-100205,CUST-13342,2025-05-22 17:27:35,Home & Kitchen,156.03,Bank Transfer,Approved
TXN-100512,CUST-79239,2025-05-22 19:24:31,Beauty,136.14,Credit Card,Approved
TXN-100529,CUST-57931,2025-05-24 07:04:37,Beauty,123.77,PayPal,Approved
TXN-100934,CUST-97641,2025-05-27 04:18:38,Beauty,181.46,Credit Card,Declined
TXN-100701,CUST-84868,2025-05-27 09:55:09,Electronics,734.84,Credit Card,Approved
TXN-100293,CUST-66429,2025-05-29 09:31:04,Electronics,72.37,Credit Card,Approved
TXN-100542,CUST-87217,2025-05-31 03:04:12,Beauty,30.83,PayPal,Approved
TXN-100249,CUST-39201,2025-05-31 19:27:45,Beauty,140.08,Credit Card,Approved
TXN-100584,CUST-86750,2025-06-01 21:56:45,Apparel,134.6,Bank Transfer,Approved
TXN-100968,CUST-55020,2025-06-02 19:52:31,Beauty,80.01,PayPal,Approved
TXN-100913,CUST-28907,2025-06-04 05:41:27,Home & Kitchen,208.57,PayPal,Approved
TXN-100051,CUST-28907,2025-06-04 10:59:37,Electronics,1142.45,PayPal,Approved
TXN-100526,CUST-20728,2025-06-05 03:23:08,Books,23.92,PayPal,Approved
TXN-100117,CUST-87905,2025-06-06 15:25:42,Books,18.15,Credit Card,Approved
TXN-100368,CUST-13544,2025-06-08 01:33:50,Electronics,178.65,Credit Card,Approved
TXN-100316,CUST-94820,2025-06-08 03:58:38,Electronics,644.54,PayPal,Approved
TXN-100495,CUST-79239,2025-06-08 10:44:58,Electronics,875.01,Bank Transfer,Approved
TXN-100593,CUST-62294,2025-06-11 09:56:26,Electronics,937.25,PayPal,Approved
TXN-100642,CUST-52445,2025-06-12 03:49:03,Apparel,135.13,Credit Card,Approved
TXN-100090,CUST-38140,2025-06-12 07:01:40,Books,17.83,Apple Pay,Approved
TXN-100163,CUST-87217,2025-06-13 01:11:54,Beauty,24.78,Credit Card,Approved
TXN-100060,CUST-84830,2025-06-14 23:46:06,Books,26.59,Apple Pay,Approved
TXN-100860,CUST-38600,2025-06-15 01:35:15,Electronics,531.6,Apple Pay,Approved
TXN-100447,CUST-16328,2025-06-15 13:01:43,Apparel,43.42,Apple Pay,Approved
TXN-100558,CUST-40403,2025-06-16 03:01:31,Home & Kitchen,193.84,Apple Pay,Approved
TXN-100156,CUST-34983,2025-06-16 08:27:27,Books,17.02,Credit Card,Declined
TXN-100911,CUST-75100,2025-06-18 16:48:09,Electronics,307.69,Apple Pay,Approved
TXN-100078,CUST-86231,2025-06-20 09:21:59,Books,45.39,PayPal,Approved
TXN-100587,CUST-87905,2025-06-21 05:13:18,Books,42.23,Bank Transfer,Approved
TXN-100599,CUST-55533,2025-06-22 01:01:58,Beauty,112.04,Apple Pay,Approved
TXN-100844,CUST-26952,2025-06-22 09:25:42,Books,16.72,Bank Transfer,Approved
TXN-100841,CUST-17952,2025-06-23 15:36:49,Home & Kitchen,373.98,PayPal,Approved
TXN-100064,CUST-99181,2025-06-24 08:42:22,Electronics,250.9,Apple Pay,Approved
TXN-100021,CUST-99391,2025-06-26 07:29:43,Apparel,140.85,Apple Pay,Approved
TXN-100836,CUST-23419,2025-06-26 12:12:57,Electronics,1010.06,Bank Transfer,Approved
TXN-100803,CUST-64810,2025-07-03 18:14:03,Home & Kitchen,125.6,Bank Transfer,Approved
TXN-100615,CUST-22337,2025-07-07 16:52:59,Electronics,985.18,Credit Card,Declined
TXN-100172,CUST-29826,2025-07-08 12:37:33,Books,11.25,Bank Transfer,Approved
TXN-100451,CUST-16499,2025-07-09 13:11:53,Home & Kitchen,23.44,PayPal,Approved
TXN-100720,CUST-98630,2025-07-09 23:59:30,Books,31.17,Credit Card,Approved
TXN-100566,CUST-38977,2025-07-10 12:03:22,Home & Kitchen,273.2,Bank Transfer,Approved
TXN-100508,CUST-84231,2025-07-11 01:51:44,Home & Kitchen,231.16,Apple Pay,Approved
TXN-100964,CUST-83148,2025-07-11 23:58:17,Beauty,150.68,Bank Transfer,Approved
TXN-100962,CUST-49354,2025-07-12 15:16:39,Electronics,262.11,Credit Card,Approved
TXN-100353,CUST-66429,2025-07-14 05:47:49,Books,28.68,Apple Pay,Approved
TXN-100379,CUST-38977,2025-07-16 04:17:42,Apparel,94.32,Bank Transfer,Approved
TXN-100696,CUST-11581,2025-07-16 12:05:20,Books,35.85,Apple Pay,Approved
TXN-100879,CUST-55020,2025-07-17 04:13:24,Books,46.61,Apple Pay,Approved
TXN-100061,CUST-69795,2025-07-17 04:21:34,Apparel,55.61,PayPal,Approved
TXN-100976,CUST-33900,2025-07-18 05:19:58,Beauty,163.82,Bank Transfer,Approved
TXN-100477,CUST-96313,2025-07-18 08:45:57,Beauty,185.99,PayPal,Approved
TXN-100604,CUST-23507,2025-07-19 10:17:18,Home & Kitchen,253.96,PayPal,Approved
TXN-100106,CUST-80069,2025-07-20 00:09:48,Electronics,801.33,Bank Transfer,Declined
TXN-100378,CUST-29772,2025-07-21 12:47:46,Beauty,141.39,Apple Pay,Approved
TXN-100933,CUST-83434,2025-07-23 01:47:16,Books,46.23,PayPal,Approved
TXN-100937,CUST-50580,2025-07-23 23:56:59,Apparel,34.27,Apple Pay,Approved
TXN-100594,CUST-31160,2025-07-24 02:51:51,Apparel,56.75,Apple Pay,Approved
TXN-100469,CUST-38140,2025-07-24 04:56:40,Home & Kitchen,44.53,Bank Transfer,Approved
TXN-100781,CUST-86231,2025-07-24 11:19:39,Apparel,23.03,PayPal,Approved
TXN-100766,CUST-84868,2025-07-25 15:52:24,Apparel,36.77,Apple Pay,Approved
TXN-100718,CUST-19594,2025-07-27 08:55:35,Beauty,54.91,Bank Transfer,Approved
TXN-100944,CUST-56621,2025-07-27 14:18:55,Apparel,58.44,Apple Pay,Approved
TXN-100153,CUST-82963,2025-07-27 23:34:41,Books,17.98,Bank Transfer,Approved
TXN-100612,CUST-20561,2025-07-28 09:10:22,Beauty,57.74,Credit Card,Approved
TXN-100137,CUST-58810,2025-07-28 13:33:13,Beauty,59.94,Credit Card,Approved
TXN-100866,CUST-69853,2025-07-29 14:54:50,Electronics,363.71,Credit Card,Approved
TXN-100651,CUST-82963,2025-07-30 09:57:22,Beauty,31.44,Bank Transfer,Approved
TXN-100400,CUST-58064,2025-07-30 12:04:15,Beauty,127.78,Apple Pay,Approved
TXN-100160,CUST-88941,2025-07-31 06:59:17,Apparel,142.53,Bank Transfer,Approved
TXN-100286,CUST-77100,2025-08-01 03:17:19,Home & Kitchen,339.92,Credit Card,Approved
TXN-100025,CUST-82016,2025-08-01 08:21:29,Books,48.81,Apple Pay,Approved
TXN-100861,CUST-49291,2025-08-01 18:50:15,Electronics,935.56,Bank Transfer,Approved
TXN-100342,CUST-25119,2025-08-02 00:42:42,Beauty,21.97,Credit Card,Approved
TXN-100331,CUST-69853,2025-08-02 11:34:51,Beauty,151.83,Apple Pay,Approved
TXN-100817,CUST-74709,2025-08-02 21:27:31,Home & Kitchen,234.02,Apple Pay,Approved
TXN-100177,CUST-17727,2025-08-03 17:51:03,Apparel,29.84,Credit Card,Approved
TXN-100319,CUST-84289,2025-08-03 20:01:22,Apparel,70.76,Credit Card,Approved
TXN-100780,CUST-49291,2025-08-04 00:47:31,Home & Kitchen,129.42,Credit Card,Approved
TXN-100471,CUST-55533,2025-08-04 08:09:14,Books,48.29,Credit Card,Approved
TXN-100602,CUST-58064,2025-08-05 23:21:58,Beauty,72.59,Bank Transfer,Declined
TXN-100681,CUST-96313,2025-08-06 05:00:47,Books,29.0,Apple Pay,Approved
TXN-100616,CUST-34624,2025-08-06 12:19:21,Beauty,111.49,Bank Transfer,Approved
TXN-100981,CUST-84231,2025-08-06 16:21:53,Home & Kitchen,376.18,Bank Transfer,Approved
TXN-100399,CUST-62153,2025-08-07 05:37:12,Books,27.14,Bank Transfer,Approved
TXN-100263,CUST-29094,2025-08-08 06:39:02,Electronics,1149.88,Bank Transfer,Approved
TXN-100810,CUST-44224,2025-08-10 06:46:10,Apparel,102.1,Apple Pay,Approved
TXN-100209,CUST-66045,2025-08-11 06:45:35,Beauty,29.29,Bank Transfer,Approved
TXN-100437,CUST-72733,2025-08-12 05:59:29,Apparel,52.24,Apple Pay,Approved
TXN-100938,CUST-19494,2025-08-12 08:25:42,Books,27.66,Apple Pay,Approved
TXN-100971,CUST-56621,2025-08-13 00:26:24,Home & Kitchen,135.0,Bank Transfer,Approved
TXN-100484,CUST-82963,2025-08-13 07:27:28,Electronics,1116.43,PayPal,Approved
TXN-100128,CUST-74895,2025-08-13 16:16:01,Beauty,57.36,Bank Transfer,Approved
TXN-100456,CUST-72733,2025-08-14 03:55:30,Books,28.4,Credit Card,Approved
TXN-100183,CUST-77100,2025-08-16 06:58:29,Books,35.71,Apple Pay,Approved
TXN-100376,CUST-58064,2025-08-16 07:19:59,Electronics,243.26,Apple Pay,Approved
TXN-100154,CUST-37256,2025-08-16 22:47:26,Beauty,43.18,Credit Card,Approved
TXN-100829,CUST-69795,2025-08-17 04:01:23,Electronics,127.37,Apple Pay,Approved
TXN-100461,CUST-56591,2025-08-20 10:17:16,Home & Kitchen,382.62,Credit Card,Approved
TXN-100232,CUST-29470,2025-08-21 14:43:58,Electronics,939.84,Bank Transfer,Approved
TXN-100309,CUST-28889,2025-08-22 08:51:43,Home & Kitchen,367.92,Credit Card,Approved
TXN-100921,CUST-99391,2025-08-22 19:34:39,Beauty,169.75,PayPal,Approved
TXN-100953,CUST-29781,2025-08-23 03:33:10,Apparel,57.22,Bank Transfer,Approved
TXN-100422,CUST-73417,2025-08-23 07:52:32,Beauty,108.23,Apple Pay,Approved
TXN-100134,CUST-11581,2025-08-23 10:28:53,Electronics,272.76,PayPal,Declined
TXN-100744,CUST-20173,2025-08-27 07:13:29,Electronics,757.32,Bank Transfer,Approved
TXN-100686,CUST-50580,2025-08-27 10:31:15,Electronics,1162.59,PayPal,Approved
TXN-100389,CUST-18827,2025-08-27 11:39:23,Beauty,72.07,PayPal,Approved
TXN-100892,CUST-44224,2025-08-28 07:11:53,Home & Kitchen,104.46,Bank Transfer,Approved
TXN-100294,CUST-55533,2025-08-28 16:10:23,Beauty,131.0,Credit Card,Approved
TXN-100322,CUST-87905,2025-08-29 00:14:46,Beauty,115.52,Bank Transfer,Approved
TXN-100733,CUST-37256,2025-08-29 06:17:30,Apparel,146.79,Apple Pay,Approved
TXN-100265,CUST-49071,2025-08-30 01:00:41,Home & Kitchen,377.64,Credit Card,Approved
TXN-100267,CUST-27455,2025-08-30 10:52:43,Home & Kitchen,306.88,Bank Transfer,Approved
TXN-100998,CUST-17952,2025-08-31 05:19:30,Books,45.31,Bank Transfer,Approved
TXN-100941,CUST-13544,2025-08-31 06:32:31,Home & Kitchen,29.56,Bank Transfer,Approved
TXN-100970,CUST-71078,2025-09-02 08:08:33,Electronics,653.31,Apple Pay,Approved
TXN-100349,CUST-18108,2025-09-03 23:42:44,Home & Kitchen,222.83,Credit Card,Approved
TXN-100773,CUST-21928,2025-09-04 00:08:33,Books,34.79,PayPal,Approved
TXN-100955,CUST-29781,2025-09-04 15:54:50,Home & Kitchen,277.5,Credit Card,Approved
TXN-100877,CUST-12957,2025-09-05 01:19:30,Beauty,156.73,Apple Pay,Approved
TXN-100678,CUST-87217,2025-09-05 16:37:24,Apparel,40.97,Apple Pay,Approved
TXN-100894,CUST-37256,2025-09-06 14:37:03,Electronics,83.07,Credit Card,Approved
TXN-100268,CUST-24408,2025-09-07 04:31:11,Electronics,591.33,Apple Pay,Approved
TXN-100029,CUST-99291,2025-09-08 11:46:46,Electronics,352.73,PayPal,Approved
TXN-100873,CUST-26952,2025-09-09 14:28:18,Electronics,178.07,Apple Pay,Approved
TXN-100003,CUST-79693,2025-09-09 16:27:47,Apparel,52.38,Credit Card,Approved
TXN-100790,CUST-20561,2025-09-10 19:55:39,Beauty,139.33,Credit Card,Approved
TXN-100141,CUST-20173,2025-09-11 16:06:10,Beauty,37.78,PayPal,Approved
TXN-100229,CUST-72141,2025-09-12 05:02:59,Electronics,1101.2,Apple Pay,Approved
TXN-100405,CUST-18229,2025-09-14 17:48:50,Home & Kitchen,266.88,PayPal,Approved
TXN-100202,CUST-12957,2025-09-17 12:51:25,Beauty,146.93,Bank Transfer,Approved
TXN-100754,CUST-25347,2025-09-17 22:01:20,Beauty,152.91,Bank Transfer,Approved
TXN-100895,CUST-17727,2025-09-19 02:27:23,Beauty,99.75,PayPal,Approved
TXN-100791,CUST-68411,2025-09-19 14:24:55,Books,45.25,PayPal,Approved
TXN-100243,CUST-54580,2025-09-20 12:09:23,Books,47.8,Apple Pay,Approved
TXN-100560,CUST-83304,2025-09-22 04:23:41,Books,26.3,PayPal,Approved
TXN-100135,CUST-98630,2025-09-22 05:46:49,Apparel,23.84,Apple Pay,Approved
TXN-100988,CUST-44438,2025-09-23 00:20:23,Books,26.63,Apple Pay,Approved
TXN-100840,CUST-41544,2025-09-23 06:15:54,Beauty,158.01,Apple Pay,Approved
TXN-100203,CUST-55482,2025-09-23 12:54:57,Home & Kitchen,308.76,PayPal,Approved
TXN-100811,CUST-64804,2025-09-26 08:08:58,Apparel,37.11,Apple Pay,Approved
TXN-100280,CUST-26952,2025-09-26 10:25:38,Apparel,74.81,PayPal,Approved
TXN-100207,CUST-26101,2025-09-27 05:06:42,Books,12.28,Apple Pay,Approved
TXN-100659,CUST-20173,2025-09-27 09:02:24,Home & Kitchen,160.78,PayPal,Approved
TXN-100139,CUST-84830,2025-09-29 16:29:40,Home & Kitchen,63.73,Credit Card,Approved
TXN-100446,CUST-21265,2025-09-30 05:42:16,Books,34.56,Credit Card,Approved
TXN-100865,CUST-29470,2025-09-30 09:18:49,Apparel,147.75,Apple Pay,Approved
TXN-100608,CUST-66429,2025-09-30 12:54:33,Home & Kitchen,258.48,Apple Pay,Approved
TXN-100101,CUST-58810,2025-10-01 06:18:20,Electronics,534.22,PayPal,Declined
TXN-100788,CUST-19012,2025-10-01 06:22:30,Home & Kitchen,189.54,PayPal,Approved
TXN-100772,CUST-55482,2025-10-01 12:54:21,Beauty,114.1,Bank Transfer,Approved
TXN-100641,CUST-95319,2025-10-02 12:59:25,Books,31.51,Apple Pay,Approved
TXN-100440,CUST-29830,2025-10-03 12:25:16,Electronics,141.2,PayPal,Approved
TXN-100540,CUST-92238,2025-10-04 07:40:47,Electronics,611.66,PayPal,Approved
TXN-100435,CUST-41544,2025-10-05 11:04:36,Apparel,93.75,Apple Pay,Approved
TXN-100181,CUST-29920,2025-10-05 20:09:39,Beauty,72.07,Apple Pay,Approved
TXN-100191,CUST-51761,2025-10-07 04:31:21,Beauty,171.96,Bank Transfer,Approved
TXN-100067,CUST-99485,2025-10-08 07:51:46,Home & Kitchen,67.83,Credit Card,Approved
TXN-100175,CUST-25347,2025-10-08 18:00:25,Electronics,615.21,Apple Pay,Approved
TXN-100749,CUST-62644,2025-10-10 23:50:24,Home & Kitchen,372.49,Credit Card,Approved
TXN-100645,CUST-79220,2025-10-11 23:35:07,Books,47.26,PayPal,Approved
TXN-100204,CUST-69399,2025-10-12 17:32:00,Books,37.5,Credit Card,Declined
TXN-100755,CUST-93153,2025-10-12 23:38:20,Beauty,181.0,Credit Card,Approved
TXN-100954,CUST-74895,2025-10-14 02:19:49,Beauty,21.1,PayPal,Approved
TXN-100805,CUST-86008,2025-10-14 10:44:48,Books,48.33,Credit Card,Approved
TXN-100633,CUST-20173,2025-10-15 17:59:27,Home & Kitchen,135.03,Apple Pay,Approved
TXN-100300,CUST-88941,2025-10-15 20:25:41,Beauty,162.83,Credit Card,Approved
TXN-100386,CUST-61750,2025-10-15 22:19:53,Home & Kitchen,369.43,Apple Pay,Approved
TXN-100898,CUST-62486,2025-10-17 07:19:21,Beauty,31.14,PayPal,Approved
TXN-100915,CUST-74089,2025-10-17 12:41:31,Beauty,164.36,Credit Card,Approved
TXN-100414,CUST-23570,2025-10-17 12:57:07,Books,11.74,Apple Pay,Approved
TXN-100950,CUST-19216,2025-10-18 00:34:31,Books,24.56,Credit Card,Approved
TXN-100450,CUST-80069,2025-10-18 13:09:23,Beauty,195.7,Apple Pay,Approved
TXN-100024,CUST-99181,2025-10-18 23:54:10,Books,14.25,Bank Transfer,Approved
TXN-100924,CUST-79220,2025-10-19 17:28:26,Beauty,42.67,Credit Card,Approved
TXN-100980,CUST-47674,2025-10-19 23:30:31,Electronics,93.87,Apple Pay,Approved
TXN-100483,CUST-77676,2025-10-20 17:21:11,Books,44.31,PayPal,Approved
TXN-100140,CUST-66045,2025-10-21 09:38:21,Beauty,129.66,Bank Transfer,Approved
TXN-100006,CUST-99204,2025-10-23 20:22:16,Beauty,176.54,PayPal,Approved
TXN-100903,CUST-73565,2025-10-24 16:31:36,Apparel,74.4,PayPal,Approved
TXN-100520,CUST-72966,2025-10-25 16:14:59,Electronics,1112.43,Apple Pay,Approved
TXN-100073,CUST-64912,2025-10-25 23:09:59,Home & Kitchen,385.73,Bank Transfer,Approved
TXN-100991,CUST-31894,2025-10-26 11:29:27,Home & Kitchen,338.04,Credit Card,Approved
TXN-100112,CUST-37256,2025-10-28 06:44:27,Electronics,991.66,Apple Pay,Approved
TXN-100600,CUST-97051,2025-10-29 03:15:33,Home & Kitchen,43.96,Credit Card,Approved
TXN-100111,CUST-82963,2025-10-29 23:43:32,Electronics,284.57,PayPal,Approved
TXN-100065,CUST-71027,2025-10-30 13:56:19,Beauty,48.41,Bank Transfer,Approved
TXN-100296,CUST-40245,2025-10-30 14:46:09,Beauty,154.69,PayPal,Approved
TXN-100032,CUST-86750,2025-10-31 00:49:08,Electronics,215.44,Apple Pay,Approved
TXN-100789,CUST-99391,2025-10-31 02:08:44,Apparel,122.15,Bank Transfer,Approved
TXN-100325,CUST-77947,2025-11-02 00:55:52,Home & Kitchen,97.64,Credit Card,Approved
TXN-100150,CUST-33097,2025-11-02 09:02:51,Beauty,94.31,PayPal,Approved
TXN-100466,CUST-67753,2025-11-02 12:21:44,Apparel,77.7,Bank Transfer,Approved
TXN-100959,CUST-50580,2025-11-03 04:54:43,Books,20.29,PayPal,Approved
TXN-100806,CUST-40403,2025-11-05 23:11:14,Beauty,150.02,Bank Transfer,Approved
TXN-100304,CUST-46953,2025-11-06 01:15:05,Electronics,980.66,Apple Pay,Approved
TXN-100727,CUST-41994,2025-11-06 05:58:13,Apparel,86.55,Bank Transfer,Approved
TXN-100275,CUST-57024,2025-11-07 03:58:38,Home & Kitchen,147.11,Apple Pay,Approved
TXN-100856,CUST-52445,2025-11-07 21:29:13,Apparel,20.71,Apple Pay,Approved
TXN-100630,CUST-93153,2025-11-08 23:40:04,Beauty,164.19,PayPal,Approved
TXN-100673,CUST-80069,2025-11-09 01:31:12,Home & Kitchen,75.11,Apple Pay,Approved
TXN-100395,CUST-88941,2025-11-09 05:12:44,Beauty,172.51,Apple Pay,Approved
TXN-100222,CUST-69795,2025-11-09 12:33:14,Home & Kitchen,211.42,PayPal,Approved
TXN-100136,CUST-44702,2025-11-10 09:15:13,Beauty,62.25,Bank Transfer,Approved
TXN-100541,CUST-17747,2025-11-10 15:26:14,Apparel,35.74,Bank Transfer,Approved
TXN-100808,CUST-17747,2025-11-11 07:50:34,Electronics,1029.1,Bank Transfer,Approved
TXN-100125,CUST-79220,2025-11-11 08:59:42,Beauty,39.73,PayPal,Approved
TXN-100854,CUST-94820,2025-11-12 08:33:47,Apparel,15.49,PayPal,Approved
TXN-100313,CUST-23507,2025-11-14 00:25:56,Beauty,113.72,Apple Pay,Approved
TXN-100771,CUST-39260,2025-11-14 23:30:06,Home & Kitchen,298.94,PayPal,Approved
TXN-100208,CUST-46953,2025-11-14 23:52:57,Beauty,12.85,Apple Pay,Approved
TXN-100218,CUST-19216,2025-11-15 01:14:02,Electronics,637.22,PayPal,Approved
TXN-100544,CUST-29830,2025-11-16 06:21:38,Home & Kitchen,393.52,Apple Pay,Approved
TXN-100992,CUST-77947,2025-11-16 18:11:35,Books,35.12,Bank Transfer,Approved
TXN-100607,CUST-64810,2025-11-16 22:56:40,Home & Kitchen,98.14,Apple Pay,Approved
TXN-100539,CUST-61993,2025-11-19 03:27:31,Apparel,113.09,Credit Card,Approved
TXN-100756,CUST-72966,2025-11-19 18:22:59,Beauty,78.73,Credit Card,Approved
TXN-100757,CUST-72733,2025-11-19 18:35:51,Beauty,171.72,Bank Transfer,Approved
TXN-100463,CUST-22770,2025-11-20 01:40:54,Beauty,19.9,Bank Transfer,Approved
TXN-100517,CUST-17727,2025-11-20 07:40:59,Apparel,105.97,PayPal,Approved
TXN-100513,CUST-19012,2025-11-20 15:59:14,Beauty,166.44,Apple Pay,Approved
TXN-100676,CUST-40245,2025-11-21 00:27:32,Apparel,141.82,Apple Pay,Approved
TXN-100458,CUST-19012,2025-11-21 01:07:04,Books,47.8,Apple Pay,Approved
TXN-100491,CUST-61242,2025-11-21 07:18:46,Home & Kitchen,324.59,Credit Card,Approved
TXN-100794,CUST-57731,2025-11-21 13:51:16,Home & Kitchen,177.36,Bank Transfer,Approved
TXN-100601,CUST-86008,2025-11-24 01:59:32,Books,30.48,Apple Pay,Approved
TXN-100007,CUST-88941,2025-11-26 11:30:16,Books,15.49,Credit Card,Approved
TXN-100823,CUST-72141,2025-11-26 18:28:34,Electronics,291.08,Credit Card,Approved
TXN-100942,CUST-46953,2025-11-26 19:02:01,Beauty,150.6,Bank Transfer,Approved
TXN-100287,CUST-19012,2025-11-27 06:46:26,Books,15.33,Apple Pay,Approved
TXN-100361,CUST-41994,2025-11-27 14:41:11,Apparel,125.27,Bank Transfer,Approved
TXN-100279,CUST-21265,2025-11-27 18:29:17,Home & Kitchen,74.85,Apple Pay,Approved
TXN-100143,CUST-10536,2025-11-28 01:13:49,Beauty,186.41,PayPal,Approved
TXN-100323,CUST-51123,2025-11-28 05:16:44,Books,22.0,Bank Transfer,Approved
TXN-100171,CUST-13027,2025-11-28 10:28:22,Home & Kitchen,312.31,Credit Card,Approved
TXN-100819,CUST-40245,2025-11-28 11:25:37,Home & Kitchen,387.39,Credit Card,Approved
TXN-100707,CUST-99204,2025-11-28 12:26:27,Home & Kitchen,70.07,Bank Transfer,Approved
TXN-100251,CUST-90949,2025-11-28 21:20:59,Books,28.61,Credit Card,Approved
TXN-100796,CUST-44702,2025-11-28 22:22:37,Books,17.63,Credit Card,Declined
TXN-100910,CUST-42561,2025-11-29 04:50:59,Home & Kitchen,303.04,Apple Pay,Approved
TXN-100825,CUST-69399,2025-11-29 11:23:45,Electronics,1171.16,Credit Card,Approved
TXN-100089,CUST-51123,2025-11-29 15:44:41,Home & Kitchen,312.12,Credit Card,Approved
TXN-100129,CUST-83434,2025-11-30 08:33:54,Electronics,54.03,Bank Transfer,Declined
TXN-100377,CUST-16105,2025-11-30 08:39:38,Apparel,107.64,PayPal,Approved
TXN-100548,CUST-52445,2025-12-01 02:30:48,Books,11.51,Credit Card,Approved
TXN-100960,CUST-19216,2025-12-01 13:07:13,Beauty,12.89,Apple Pay,Approved
TXN-100807,CUST-25119,2025-12-01 17:24:00,Apparel,50.06,Credit Card,Approved
TXN-100433,CUST-29772,2025-12-02 11:00:37,Books,26.2,PayPal,Approved
TXN-100370,CUST-37363,2025-12-02 22:24:12,Electronics,529.82,PayPal,Approved
TXN-100421,CUST-88941,2025-12-03 14:19:25,Books,48.7,PayPal,Approved
TXN-100872,CUST-86387,2025-12-04 05:32:47,Apparel,135.25,Apple Pay,Approved
TXN-100795,CUST-77100,2025-12-04 05:52:17,Books,48.22,Apple Pay,Approved
TXN-100693,CUST-77947,2025-12-04 08:27:53,Apparel,88.24,Apple Pay,Approved
TXN-100787,CUST-77566,2025-12-04 11:50:36,Apparel,63.69,Bank Transfer,Declined
TXN-100317,CUST-77947,2025-12-05 07:22:21,Apparel,71.26,Apple Pay,Approved
TXN-100250,CUST-62644,2025-12-05 11:16:02,Beauty,102.1,Credit Card,Approved
TXN-100728,CUST-84830,2025-12-06 12:18:26,Apparel,38.45,Apple Pay,Approved
TXN-100465,CUST-47959,2025-12-07 12:48:14,Electronics,203.39,Credit Card,Approved
TXN-100110,CUST-10536,2025-12-07 13:25:27,Beauty,144.84,Apple Pay,Approved
TXN-100227,CUST-11581,2025-12-08 03:01:19,Apparel,99.62,PayPal,Approved
TXN-100390,CUST-20173,2025-12-08 08:42:55,Apparel,89.4,Credit Card,Approved
TXN-100912,CUST-38600,2025-12-08 14:36:26,Books,11.06,PayPal,Approved
TXN-100096,CUST-13027,2025-12-09 06:39:38,Books,42.59,Credit Card,Approved
TXN-100876,CUST-59865,2025-12-09 08:45:49,Beauty,126.09,PayPal,Approved
TXN-100573,CUST-80069,2025-12-09 17:56:57,Electronics,975.64,Apple Pay,Approved
TXN-100592,CUST-50875,2025-12-09 22:17:42,Home & Kitchen,69.89,Apple Pay,Approved
TXN-100428,CUST-73417,2025-12-10 03:36:15,Apparel,119.53,Apple Pay,Approved
TXN-100989,CUST-86387,2025-12-11 12:13:15,Beauty,159.7,Credit Card,Approved
TXN-100722,CUST-68411,2025-12-11 13:31:55,Home & Kitchen,343.87,Bank Transfer,Approved
TXN-100715,CUST-72733,2025-12-12 04:46:40,Apparel,42.63,PayPal,Approved
TXN-100734,CUST-95847,2025-12-12 08:26:11,Apparel,104.05,Apple Pay,Approved
TXN-100902,CUST-13342,2025-12-13 00:51:02,Electronics,253.77,Credit Card,Approved
TXN-100732,CUST-72966,2025-12-13 18:40:16,Beauty,74.38,Bank Transfer,Approved
TXN-100505,CUST-62294,2025-12-14 15:12:58,Home & Kitchen,203.46,PayPal,Approved
TXN-100269,CUST-32026,2025-12-15 00:27:33,Books,16.74,Bank Transfer,Approved
TXN-100242,CUST-31894,2025-12-15 15:13:03,Electronics,467.76,Bank Transfer,Approved
TXN-100047,CUST-16328,2025-12-16 09:46:53,Home & Kitchen,194.41,Bank Transfer,Approved
TXN-100699,CUST-46953,2025-12-16 13:26:33,Apparel,110.16,Apple Pay,Approved
TXN-100473,CUST-19012,2025-12-17 01:30:27,Beauty,190.87,Bank Transfer,Approved
TXN-100144,CUST-47959,2025-12-17 13:15:23,Home & Kitchen,254.1,Credit Card,Approved
TXN-100683,CUST-59865,2025-12-17 15:23:43,Home & Kitchen,356.88,PayPal,Approved
TXN-100190,CUST-77676,2025-12-18 15:20:01,Books,38.05,PayPal,Approved
TXN-100506,CUST-19012,2025-12-19 06:55:36,Electronics,1052.72,Credit Card,Approved
TXN-100815,CUST-32026,2025-12-20 18:57:23,Beauty,192.78,Credit Card,Approved
TXN-100416,CUST-86231,2025-12-21 04:08:06,Books,10.85,Credit Card,Declined
TXN-100213,CUST-86750,2025-12-21 20:17:13,Books,19.37,Credit Card,Approved
TXN-100501,CUST-83434,2025-12-24 00:20:46,Electronics,555.81,PayPal,Approved
TXN-100741,CUST-25119,2025-12-24 12:21:14,Beauty,133.97,Bank Transfer,Approved
TXN-100585,CUST-43063,2025-12-24 23:04:47,Electronics,1119.54,Credit Card,Approved
TXN-100900,CUST-99291,2025-12-25 03:52:38,Beauty,194.26,Credit Card,Approved
TXN-100867,CUST-50580,2025-12-25 08:20:55,Beauty,109.71,Apple Pay,Approved
TXN-100797,CUST-59865,2025-12-25 22:14:29,Home & Kitchen,140.94,Apple Pay,Approved
TXN-100396,CUST-41544,2025-12-26 02:17:00,Electronics,641.82,Bank Transfer,Approved
TXN-100893,CUST-15138,2025-12-26 05:59:33,Books,20.33,Apple Pay,Approved
TXN-100142,CUST-83434,2025-12-26 09:14:06,Beauty,151.28,Apple Pay,Approved
TXN-100603,CUST-99485,2025-12-28 22:29:20,Apparel,73.23,Bank Transfer,Approved
TXN-100167,CUST-21257,2025-12-29 01:13:58,Books,14.28,Credit Card,Approved
TXN-100546,CUST-79220,2025-12-30 05:23:27,Books,41.46,PayPal,Approved
TXN-100407,CUST-72147,2025-12-31 18:19:06,Books,37.18,Credit Card,Approved
TXN-100914,CUST-97051,2026-01-01 07:12:13,Apparel,78.7,PayPal,Approved
TXN-100492,CUST-57024,2026-01-01 09:59:51,Home & Kitchen,41.94,Apple Pay,Approved
TXN-100748,CUST-45381,2026-01-02 07:35:18,Electronics,1062.53,Apple Pay,Approved
TXN-100618,CUST-39260,2026-01-02 16:37:02,Beauty,176.74,Bank Transfer,Approved
TXN-100152,CUST-28907,2026-01-02 20:03:30,Electronics,1098.5,PayPal,Approved
TXN-100581,CUST-76510,2026-01-03 02:47:02,Apparel,52.65,Apple Pay,Approved
TXN-100611,CUST-65642,2026-01-03 04:40:18,Home & Kitchen,322.0,Credit Card,Approved
TXN-100752,CUST-23299,2026-01-03 05:44:35,Beauty,162.33,Bank Transfer,Approved
TXN-100916,CUST-32026,2026-01-03 11:29:41,Home & Kitchen,163.21,Bank Transfer,Approved
TXN-100654,CUST-55898,2026-01-03 12:13:00,Apparel,29.39,Apple Pay,Approved
TXN-100770,CUST-38600,2026-01-04 02:32:05,Apparel,46.44,Bank Transfer,Approved
TXN-100644,CUST-31894,2026-01-05 19:36:10,Books,16.44,PayPal,Approved
TXN-100687,CUST-72966,2026-01-05 23:47:24,Apparel,71.71,Credit Card,Approved
TXN-100346,CUST-90949,2026-01-07 11:15:21,Books,37.0,Bank Transfer,Approved
TXN-100488,CUST-68411,2026-01-08 04:04:13,Electronics,366.27,Bank Transfer,Approved
TXN-100952,CUST-40403,2026-01-10 16:03:35,Beauty,23.39,Apple Pay,Approved
TXN-100176,CUST-77947,2026-01-11 07:49:03,Beauty,59.51,PayPal,Approved
TXN-100412,CUST-46493,2026-01-11 13:21:41,Electronics,1105.13,Apple Pay,Approved
TXN-100214,CUST-32026,2026-01-11 18:08:16,Books,46.22,PayPal,Approved
TXN-100244,CUST-42561,2026-01-12 22:03:26,Electronics,765.12,Credit Card,Approved
TXN-100387,CUST-58398,2026-01-13 14:23:29,Apparel,25.55,PayPal,Approved
TXN-100710,CUST-26226,2026-01-13 16:27:45,Electronics,724.15,Bank Transfer,Approved
TXN-100580,CUST-34624,2026-01-14 05:49:11,Beauty,95.55,Apple Pay,Approved
TXN-100404,CUST-46493,2026-01-14 07:23:04,Books,25.85,Credit Card,Approved
TXN-100515,CUST-34624,2026-01-15 04:31:53,Apparel,22.79,Credit Card,Approved
TXN-100945,CUST-43063,2026-01-15 07:23:31,Electronics,724.24,PayPal,Approved
TXN-100375,CUST-82016,2026-01-16 09:28:35,Apparel,145.87,PayPal,Approved
TXN-100219,CUST-61658,2026-01-16 13:19:53,Books,35.01,Apple Pay,Approved
TXN-100050,CUST-61429,2026-01-16 14:20:52,Home & Kitchen,107.93,Credit Card,Approved
TXN-100056,CUST-43063,2026-01-16 15:52:58,Home & Kitchen,261.29,Apple Pay,Approved
TXN-100635,CUST-61242,2026-01-16 20:55:02,Books,28.22,PayPal,Approved
TXN-100700,CUST-80069,2026-01-16 21:26:15,Home & Kitchen,82.09,Credit Card,Approved
TXN-100522,CUST-19594,2026-01-17 08:24:13,Beauty,169.85,Bank Transfer,Approved
TXN-100502,CUST-34983,2026-01-17 10:42:12,Apparel,69.23,Apple Pay,Approved
TXN-100027,CUST-41544,2026-01-17 18:25:14,Home & Kitchen,183.68,Apple Pay,Approved
TXN-100567,CUST-69399,2026-01-17 19:00:43,Home & Kitchen,157.49,Credit Card,Approved
TXN-100821,CUST-46493,2026-01-18 19:46:42,Home & Kitchen,202.67,PayPal,Approved
TXN-100880,CUST-86008,2026-01-18 21:22:51,Apparel,103.27,PayPal,Approved
TXN-100972,CUST-18229,2026-01-19 00:00:55,Books,28.65,Credit Card,Approved
TXN-100985,CUST-37256,2026-01-19 01:07:27,Electronics,250.66,Credit Card,Approved
TXN-100084,CUST-14914,2026-01-19 01:53:14,Apparel,18.19,Credit Card,Approved
TXN-100215,CUST-62644,2026-01-19 17:02:16,Beauty,173.95,Bank Transfer,Approved
TXN-100311,CUST-80069,2026-01-19 19:57:11,Books,18.05,Apple Pay,Approved
TXN-100364,CUST-99391,2026-01-20 07:58:49,Home & Kitchen,63.79,Credit Card,Approved
TXN-100264,CUST-72147,2026-01-22 06:16:00,Apparel,65.07,Credit Card,Approved
TXN-100320,CUST-17727,2026-01-22 10:10:09,Books,48.51,Credit Card,Approved
TXN-100688,CUST-99291,2026-01-22 13:27:19,Apparel,82.45,PayPal,Approved
TXN-100768,CUST-86748,2026-01-22 21:33:21,Beauty,66.27,Bank Transfer,Approved
TXN-100500,CUST-20876,2026-01-24 15:06:20,Beauty,97.88,Bank Transfer,Approved
TXN-100310,CUST-34983,2026-01-24 20:45:34,Beauty,64.56,PayPal,Approved
TXN-100245,CUST-93153,2026-01-25 08:57:38,Apparel,96.15,Bank Transfer,Approved
TXN-100620,CUST-80069,2026-01-25 22:03:35,Apparel,111.77,PayPal,Approved
TXN-100984,CUST-21928,2026-01-26 01:41:38,Home & Kitchen,398.75,PayPal,Approved
TXN-100987,CUST-72147,2026-01-26 12:21:23,Apparel,120.27,Apple Pay,Approved
TXN-100198,CUST-87905,2026-01-26 12:56:32,Beauty,154.91,Credit Card,Approved
TXN-100948,CUST-45381,2026-01-26 21:20:24,Electronics,88.94,Bank Transfer,Approved
TXN-100485,CUST-37256,2026-01-27 06:28:13,Home & Kitchen,110.68,Credit Card,Approved
TXN-100467,CUST-21257,2026-01-30 07:19:55,Home & Kitchen,392.27,Credit Card,Approved
TXN-100339,CUST-22337,2026-01-30 17:01:18,Electronics,137.55,Bank Transfer,Approved
TXN-100609,CUST-92657,2026-01-31 01:04:11,Electronics,900.27,Bank Transfer,Approved
TXN-100380,CUST-24408,2026-01-31 14:47:08,Apparel,106.4,PayPal,Approved
TXN-100098,CUST-73972,2026-01-31 18:38:13,Home & Kitchen,195.1,PayPal,Approved
TXN-100052,CUST-45381,2026-02-02 00:03:48,Home & Kitchen,162.92,Apple Pay,Approved
TXN-100290,CUST-10030,2026-02-02 03:55:14,Books,33.05,Bank Transfer,Approved
TXN-100689,CUST-50580,2026-02-02 06:36:32,Electronics,731.01,Apple Pay,Approved
TXN-100468,CUST-86387,2026-02-03 03:49:05,Apparel,83.15,Credit Card,Approved
TXN-100578,CUST-54909,2026-02-03 14:40:32,Books,17.89,Credit Card,Approved
TXN-100372,CUST-69853,2026-02-03 18:31:10,Beauty,150.34,Credit Card,Approved
TXN-100224,CUST-29781,2026-02-03 20:10:52,Electronics,951.85,Bank Transfer,Approved
TXN-100588,CUST-26448,2026-02-04 15:02:39,Home & Kitchen,70.75,Credit Card,Approved
TXN-100045,CUST-77566,2026-02-04 16:57:46,Books,21.63,Bank Transfer,Approved
TXN-100889,CUST-72147,2026-02-05 10:20:22,Home & Kitchen,248.75,Credit Card,Approved
TXN-100445,CUST-79220,2026-02-05 20:32:22,Books,44.93,Apple Pay,Approved
TXN-100857,CUST-57731,2026-02-05 20:36:07,Beauty,174.37,PayPal,Approved
TXN-100622,CUST-87905,2026-02-05 23:35:05,Beauty,159.73,Credit Card,Approved
TXN-100636,CUST-36897,2026-02-06 01:06:53,Electronics,1099.8,PayPal,Approved
TXN-100410,CUST-69795,2026-02-07 07:45:35,Apparel,21.37,Bank Transfer,Approved
TXN-100631,CUST-26448,2026-02-07 19:53:00,Books,49.33,Apple Pay,Approved
TXN-100868,CUST-64804,2026-02-08 06:46:22,Books,14.34,Bank Transfer,Approved
TXN-100196,CUST-39260,2026-02-08 18:38:53,Beauty,96.79,Credit Card,Approved
TXN-100054,CUST-66045,2026-02-09 02:46:53,Home & Kitchen,44.69,Apple Pay,Approved
TXN-100091,CUST-97584,2026-02-09 22:46:13,Books,11.21,Bank Transfer,Approved
TXN-100499,CUST-87905,2026-02-10 00:55:54,Beauty,88.8,Credit Card,Approved
TXN-100044,CUST-95319,2026-02-10 03:37:24,Books,12.43,PayPal,Approved
TXN-100340,CUST-13342,2026-02-10 11:45:12,Electronics,797.62,PayPal,Approved
TXN-100220,CUST-70515,2026-02-10 15:50:41,Beauty,115.28,Apple Pay,Approved
TXN-100490,CUST-95847,2026-02-10 22:40:24,Apparel,64.53,Apple Pay,Approved
TXN-100730,CUST-70515,2026-02-11 16:56:18,Apparel,144.11,Bank Transfer,Approved
TXN-100899,CUST-26448,2026-02-12 13:15:12,Books,39.72,Bank Transfer,Approved
TXN-100753,CUST-10536,2026-02-13 11:58:47,Electronics,1119.23,PayPal,Approved
TXN-100425,CUST-59865,2026-02-13 22:09:38,Books,23.35,Credit Card,Approved
TXN-100847,CUST-69399,2026-02-14 02:30:57,Home & Kitchen,104.58,PayPal,Approved
TXN-100118,CUST-59313,2026-02-14 05:55:05,Electronics,517.15,PayPal,Approved
TXN-100801,CUST-92657,2026-02-14 16:05:07,Books,21.07,Apple Pay,Approved
TXN-100671,CUST-85642,2026-02-14 22:50:53,Books,29.26,Credit Card,Approved
TXN-100842,CUST-29781,2026-02-15 23:35:38,Electronics,622.43,PayPal,Declined
TXN-100237,CUST-57415,2026-02-16 05:16:19,Electronics,470.75,Credit Card,Approved
TXN-100228,CUST-17602,2026-02-16 06:36:03,Books,35.01,Credit Card,Approved
TXN-100792,CUST-73972,2026-02-16 18:05:11,Electronics,1102.06,PayPal,Approved
TXN-100919,CUST-50580,2026-02-17 06:16:24,Books,17.56,PayPal,Approved
TXN-100619,CUST-24408,2026-02-19 06:09:07,Electronics,705.68,Bank Transfer,Approved
TXN-100082,CUST-86750,2026-02-19 06:49:11,Home & Kitchen,61.42,PayPal,Approved
TXN-100126,CUST-17602,2026-02-20 11:48:13,Beauty,170.07,Credit Card,Approved
TXN-100983,CUST-79693,2026-02-20 12:10:22,Apparel,43.28,PayPal,Approved
TXN-100882,CUST-23419,2026-02-21 13:50:48,Books,28.71,Bank Transfer,Approved
TXN-100211,CUST-26448,2026-02-21 18:00:10,Beauty,159.73,PayPal,Approved
TXN-100337,CUST-88738,2026-02-21 19:21:03,Beauty,117.74,PayPal,Approved
TXN-100087,CUST-55020,2026-02-22 06:09:45,Books,43.57,Credit Card,Declined
TXN-100589,CUST-38600,2026-02-23 14:41:51,Electronics,1029.72,PayPal,Approved
TXN-100273,CUST-82963,2026-02-23 16:26:02,Home & Kitchen,104.23,PayPal,Approved
TXN-100982,CUST-55482,2026-02-24 06:22:51,Beauty,70.36,Credit Card,Approved
TXN-100482,CUST-33900,2026-02-24 09:38:44,Beauty,136.21,Apple Pay,Approved
TXN-100256,CUST-76510,2026-02-25 02:58:33,Books,24.96,PayPal,Approved
TXN-100042,CUST-21889,2026-02-25 22:27:48,Books,46.42,PayPal,Approved
TXN-100462,CUST-25475,2026-02-26 11:38:32,Electronics,608.38,Bank Transfer,Approved
TXN-100247,CUST-17076,2026-02-26 21:21:32,Electronics,419.75,Credit Card,Approved
TXN-100927,CUST-25347,2026-02-27 08:07:32,Apparel,48.8,Apple Pay,Approved
TXN-100371,CUST-42561,2026-02-28 16:06:46,Beauty,27.09,Apple Pay,Approved
TXN-100650,CUST-21889,2026-03-01 13:09:42,Electronics,889.04,Credit Card,Approved
TXN-100837,CUST-54571,2026-03-01 16:28:46,Electronics,305.67,PayPal,Approved
TXN-100076,CUST-77947,2026-03-01 19:09:40,Home & Kitchen,264.94,PayPal,Approved
TXN-100394,CUST-72147,2026-03-02 00:06:07,Books,29.18,Credit Card,Approved
TXN-100926,CUST-84868,2026-03-02 03:08:30,Apparel,42.79,Apple Pay,Approved
TXN-100669,CUST-22770,2026-03-02 04:47:46,Electronics,145.54,Credit Card,Approved
TXN-100253,CUST-91134,2026-03-02 11:41:13,Books,33.18,Bank Transfer,Approved
TXN-100923,CUST-23393,2026-03-02 22:57:10,Beauty,29.36,PayPal,Approved
TXN-100961,CUST-17076,2026-03-02 23:41:24,Beauty,186.62,Credit Card,Approved
TXN-100519,CUST-45381,2026-03-03 15:27:30,Apparel,103.95,PayPal,Approved
TXN-100745,CUST-10536,2026-03-04 11:16:56,Books,22.45,Bank Transfer,Approved
TXN-100048,CUST-58810,2026-03-04 19:04:50,Apparel,25.07,Apple Pay,Approved
TXN-100667,CUST-46493,2026-03-05 04:00:24,Beauty,175.34,Credit Card,Approved
TXN-100764,CUST-72966,2026-03-05 05:10:26,Electronics,1082.34,Apple Pay,Approved
TXN-100497,CUST-57415,2026-03-05 21:07:29,Beauty,46.41,Apple Pay,Declined
TXN-100449,CUST-17812,2026-03-05 23:34:03,Beauty,58.99,Apple Pay,Approved
TXN-100504,CUST-92657,2026-03-06 02:00:09,Books,13.53,PayPal,Approved
TXN-100008,CUST-26448,2026-03-06 04:27:16,Apparel,72.83,PayPal,Approved
TXN-100557,CUST-25347,2026-03-06 15:14:34,Beauty,13.11,Bank Transfer,Approved
TXN-100967,CUST-43063,2026-03-06 17:18:19,Home & Kitchen,354.14,Apple Pay,Approved
TXN-100480,CUST-70515,2026-03-07 08:32:07,Books,30.41,Bank Transfer,Approved
TXN-100439,CUST-71078,2026-03-08 02:04:04,Beauty,133.14,PayPal,Approved
TXN-100489,CUST-46953,2026-03-08 05:27:25,Books,39.23,Credit Card,Approved
TXN-100705,CUST-41544,2026-03-08 09:24:44,Beauty,76.3,Apple Pay,Approved
TXN-100158,CUST-46953,2026-03-09 09:39:32,Beauty,139.05,Apple Pay,Approved
TXN-100062,CUST-29094,2026-03-09 20:02:20,Apparel,25.15,PayPal,Approved
TXN-100258,CUST-57931,2026-03-10 21:21:41,Apparel,148.7,PayPal,Approved
TXN-100736,CUST-90487,2026-03-13 12:50:52,Home & Kitchen,380.85,Bank Transfer,Approved
TXN-100870,CUST-72147,2026-03-14 05:39:26,Books,44.71,Apple Pay,Approved
TXN-100018,CUST-90443,2026-03-14 09:37:42,Home & Kitchen,51.82,Credit Card,Approved
TXN-100498,CUST-64810,2026-03-14 16:13:14,Apparel,59.48,Bank Transfer,Approved
TXN-100201,CUST-90443,2026-03-14 23:05:38,Books,28.48,PayPal,Approved
TXN-100621,CUST-85642,2026-03-15 08:19:38,Books,33.96,Credit Card,Approved
TXN-100103,CUST-10030,2026-03-15 09:14:59,Home & Kitchen,131.64,Apple Pay,Approved
TXN-100648,CUST-79693,2026-03-16 07:37:02,Home & Kitchen,117.71,Apple Pay,Approved
TXN-100248,CUST-41994,2026-03-17 05:21:07,Apparel,124.59,Apple Pay,Approved
TXN-100130,CUST-54571,2026-03-17 17:13:45,Beauty,158.2,Bank Transfer,Approved
TXN-100019,CUST-47302,2026-03-19 09:45:08,Electronics,440.02,PayPal,Approved
TXN-100002,CUST-66429,2026-03-20 03:51:47,Electronics,424.88,Credit Card,Approved
TXN-100039,CUST-25347,2026-03-20 19:29:09,Home & Kitchen,21.26,Credit Card,Approved
TXN-100561,CUST-95847,2026-03-21 09:53:03,Electronics,481.99,Apple Pay,Approved
TXN-100487,CUST-64937,2026-03-21 18:58:54,Home & Kitchen,162.56,Apple Pay,Approved
TXN-100271,CUST-23393,2026-03-22 00:47:28,Apparel,120.07,Credit Card,Approved
TXN-100165,CUST-17602,2026-03-22 02:28:10,Apparel,108.5,Credit Card,Approved
TXN-100354,CUST-74089,2026-03-22 07:34:30,Apparel,112.53,Apple Pay,Approved
TXN-100330,CUST-21257,2026-03-23 22:44:28,Apparel,145.2,Apple Pay,Approved
TXN-100266,CUST-71027,2026-03-24 02:01:49,Beauty,144.83,Credit Card,Approved
TXN-100197,CUST-10536,2026-03-24 07:38:56,Home & Kitchen,218.24,PayPal,Approved
TXN-100343,CUST-18229,2026-03-26 01:59:14,Books,33.31,PayPal,Approved
TXN-100005,CUST-69853,2026-03-27 18:29:12,Home & Kitchen,191.89,PayPal,Approved
TXN-100652,CUST-83434,2026-03-28 06:18:24,Electronics,343.18,Bank Transfer,Approved
TXN-100223,CUST-58398,2026-03-29 10:53:39,Books,41.68,PayPal,Approved
TXN-100332,CUST-21889,2026-03-29 12:30:04,Home & Kitchen,214.79,Bank Transfer,Approved
TXN-100746,CUST-47740,2026-03-29 12:49:32,Home & Kitchen,298.82,Credit Card,Approved
TXN-100963,CUST-44702,2026-03-29 15:28:03,Apparel,144.34,PayPal,Approved
TXN-100703,CUST-17812,2026-03-31 00:42:11,Apparel,50.79,Credit Card,Approved
TXN-100973,CUST-77947,2026-03-31 03:37:27,Apparel,69.43,Bank Transfer,Approved
TXN-100391,CUST-17602,2026-03-31 14:40:51,Electronics,701.9,Credit Card,Approved
TXN-100034,CUST-54571,2026-03-31 22:31:35,Home & Kitchen,293.86,PayPal,Approved
TXN-100297,CUST-62644,2026-04-01 14:26:24,Beauty,53.21,PayPal,Approved
TXN-100525,CUST-86387,2026-04-01 19:05:20,Home & Kitchen,66.41,Credit Card,Approved
TXN-100080,CUST-15138,2026-04-02 02:27:18,Books,17.92,PayPal,Approved
TXN-100531,CUST-25475,2026-04-02 02:31:39,Home & Kitchen,87.97,Bank Transfer,Approved
TXN-100307,CUST-74895,2026-04-02 18:42:22,Home & Kitchen,266.06,Apple Pay,Approved
TXN-100179,CUST-23393,2026-04-02 19:50:25,Electronics,477.74,PayPal,Approved
TXN-100486,CUST-89817,2026-04-04 04:28:46,Books,24.47,Bank Transfer,Approved
TXN-100155,CUST-23393,2026-04-04 16:56:23,Books,38.62,Credit Card,Approved
TXN-100640,CUST-54571,2026-04-05 09:58:59,Beauty,169.0,PayPal,Declined
TXN-100562,CUST-77947,2026-04-05 14:21:28,Apparel,63.92,Apple Pay,Approved
TXN-100444,CUST-17747,2026-04-05 14:32:50,Beauty,73.56,Apple Pay,Approved
TXN-100932,CUST-90949,2026-04-05 17:19:48,Books,33.4,Apple Pay,Approved
TXN-100996,CUST-29920,2026-04-05 21:58:01,Beauty,99.02,Credit Card,Approved
TXN-100424,CUST-25475,2026-04-06 00:13:04,Beauty,99.0,Apple Pay,Approved
TXN-100415,CUST-90443,2026-04-06 09:16:11,Beauty,31.46,Apple Pay,Approved
TXN-100695,CUST-10536,2026-04-07 04:57:05,Apparel,133.65,Bank Transfer,Approved
TXN-100534,CUST-21889,2026-04-07 06:10:42,Home & Kitchen,296.5,Credit Card,Approved
TXN-100074,CUST-99204,2026-04-07 06:58:46,Electronics,164.36,Bank Transfer,Approved
TXN-100481,CUST-74089,2026-04-07 11:43:43,Electronics,502.55,Credit Card,Approved
TXN-100725,CUST-55482,2026-04-07 12:24:29,Beauty,16.67,Bank Transfer,Approved
TXN-100737,CUST-85107,2026-04-07 14:56:54,Home & Kitchen,61.89,PayPal,Approved
TXN-100904,CUST-73972,2026-04-07 21:57:52,Apparel,42.41,Credit Card,Approved
TXN-100031,CUST-70515,2026-04-08 00:10:48,Home & Kitchen,211.05,Credit Card,Approved
TXN-100114,CUST-39260,2026-04-08 03:19:07,Books,36.56,PayPal,Approved
TXN-100907,CUST-58064,2026-04-09 00:12:01,Books,34.12,Credit Card,Declined
TXN-100035,CUST-76510,2026-04-09 05:04:19,Beauty,129.19,Credit Card,Approved
TXN-100350,CUST-58064,2026-04-09 08:55:04,Electronics,535.62,Bank Transfer,Approved
TXN-100598,CUST-58064,2026-04-10 07:36:31,Home & Kitchen,221.66,Apple Pay,Approved
TXN-100552,CUST-50580,2026-04-10 10:53:06,Books,43.01,Credit Card,Approved
TXN-100758,CUST-81194,2026-04-11 01:06:26,Apparel,90.6,Bank Transfer,Approved
TXN-100345,CUST-72733,2026-04-11 02:27:30,Books,22.15,PayPal,Approved
TXN-100579,CUST-95847,2026-04-11 09:42:56,Home & Kitchen,157.48,Credit Card,Approved
TXN-100658,CUST-69399,2026-04-12 06:25:11,Apparel,141.37,PayPal,Approved
TXN-100069,CUST-61993,2026-04-12 17:13:52,Electronics,538.98,Bank Transfer,Approved
TXN-100779,CUST-57659,2026-04-12 19:37:20,Books,12.69,Credit Card,Approved
TXN-100442,CUST-57415,2026-04-13 00:59:10,Electronics,294.06,Bank Transfer,Approved
TXN-100284,CUST-34624,2026-04-13 06:59:49,Apparel,97.68,Apple Pay,Approved
TXN-100653,CUST-93137,2026-04-14 07:30:07,Electronics,1040.5,Credit Card,Approved
TXN-100995,CUST-51761,2026-04-14 17:16:40,Beauty,62.55,PayPal,Approved
TXN-100123,CUST-17747,2026-04-15 08:05:07,Beauty,140.76,Bank Transfer,Approved
TXN-100663,CUST-12957,2026-04-15 17:55:07,Books,29.5,Credit Card,Approved
TXN-100132,CUST-17602,2026-04-15 18:37:20,Apparel,26.1,Credit Card,Approved
TXN-100966,CUST-86387,2026-04-17 20:19:58,Electronics,326.75,PayPal,Approved
TXN-100094,CUST-86750,2026-04-17 21:41:02,Home & Kitchen,371.21,Credit Card,Approved
TXN-100460,CUST-24408,2026-04-18 07:53:11,Books,35.71,PayPal,Approved
TXN-100038,CUST-43063,2026-04-18 19:20:57,Books,32.34,PayPal,Approved
TXN-100993,CUST-92657,2026-04-19 15:44:15,Books,13.92,Credit Card,Approved
TXN-100565,CUST-46493,2026-04-19 18:42:33,Home & Kitchen,299.9,Bank Transfer,Approved
TXN-100283,CUST-93153,2026-04-20 09:58:19,Electronics,1072.72,PayPal,Approved
TXN-100113,CUST-21889,2026-04-22 02:18:13,Apparel,19.25,Bank Transfer,Approved
TXN-100173,CUST-61429,2026-04-22 03:18:33,Electronics,668.56,Apple Pay,Approved
TXN-100070,CUST-52445,2026-04-22 16:20:44,Electronics,500.25,PayPal,Approved
TXN-100413,CUST-90443,2026-04-22 18:41:03,Electronics,999.48,Apple Pay,Approved
TXN-100908,CUST-62486,2026-04-22 22:17:40,Home & Kitchen,106.51,PayPal,Approved
TXN-100009,CUST-79220,2026-04-23 07:59:41,Home & Kitchen,74.33,Credit Card,Approved
TXN-100127,CUST-55898,2026-04-23 11:08:56,Beauty,96.59,Bank Transfer,Approved
TXN-100212,CUST-20561,2026-04-24 04:15:32,Electronics,903.2,Credit Card,Approved
TXN-100661,CUST-54571,2026-04-24 09:34:21,Books,44.13,Credit Card,Approved
TXN-100639,CUST-51123,2026-04-24 23:48:43,Electronics,236.46,Bank Transfer,Approved
TXN-100685,CUST-73972,2026-04-25 03:27:11,Apparel,144.19,Credit Card,Approved
TXN-100357,CUST-61993,2026-04-25 09:50:43,Electronics,829.53,Bank Transfer,Approved
TXN-100660,CUST-41994,2026-04-26 07:03:38,Books,47.29,PayPal,Approved
TXN-100723,CUST-10030,2026-04-27 03:11:56,Home & Kitchen,255.12,Apple Pay,Approved
TXN-100239,CUST-61750,2026-04-27 22:30:31,Electronics,66.94,Credit Card,Approved
TXN-100255,CUST-15138,2026-04-28 05:25:30,Beauty,117.24,PayPal,Approved
TXN-100108,CUST-85642,2026-04-28 07:04:09,Electronics,268.01,Credit Card,Declined
TXN-100997,CUST-25475,2026-04-28 20:36:31,Home & Kitchen,226.35,Credit Card,Approved
TXN-100679,CUST-83972,2026-04-29 00:50:08,Home & Kitchen,32.07,Apple Pay,Approved
TXN-100147,CUST-40245,2026-04-29 05:46:31,Home & Kitchen,243.85,PayPal,Approved
TXN-100563,CUST-17727,2026-04-29 06:53:51,Home & Kitchen,383.2,PayPal,Approved
TXN-100474,CUST-82016,2026-04-29 09:46:44,Home & Kitchen,228.55,Bank Transfer,Approved
TXN-100930,CUST-29920,2026-04-29 19:25:27,Electronics,410.41,Bank Transfer,Approved
TXN-100852,CUST-80335,2026-04-30 08:02:46,Electronics,179.82,Apple Pay,Approved
TXN-100828,CUST-81194,2026-04-30 11:46:40,Electronics,357.57,Bank Transfer,Approved
TXN-100246,CUST-55898,2026-04-30 16:25:48,Books,34.07,Apple Pay,Approved
TXN-100769,CUST-70515,2026-04-30 18:31:54,Home & Kitchen,199.14,PayPal,Approved
TXN-100883,CUST-17812,2026-04-30 19:57:53,Beauty,128.74,Bank Transfer,Approved
TXN-100956,CUST-33562,2026-05-01 23:14:43,Books,33.43,Credit Card,Approved
TXN-100318,CUST-59313,2026-05-02 17:18:10,Beauty,28.06,Apple Pay,Approved
TXN-100004,CUST-24408,2026-05-02 22:04:07,Electronics,559.74,PayPal,Approved
TXN-100217,CUST-10536,2026-05-03 01:40:12,Home & Kitchen,261.73,Apple Pay,Approved
TXN-100403,CUST-17076,2026-05-03 13:06:26,Electronics,218.96,PayPal,Approved
TXN-100716,CUST-66838,2026-05-03 14:26:12,Apparel,77.5,Apple Pay,Approved
TXN-100763,CUST-57393,2026-05-03 16:06:55,Books,47.0,Credit Card,Approved
TXN-100086,CUST-81194,2026-05-03 17:01:31,Apparel,59.45,Credit Card,Approved
TXN-100726,CUST-61242,2026-05-04 01:51:54,Electronics,216.55,Credit Card,Approved
TXN-100472,CUST-57393,2026-05-04 07:09:08,Apparel,17.05,Credit Card,Approved
TXN-100637,CUST-72147,2026-05-04 10:40:52,Books,42.05,Bank Transfer,Approved
TXN-100918,CUST-83304,2026-05-04 15:51:03,Apparel,54.43,Bank Transfer,Approved
TXN-100398,CUST-90443,2026-05-05 03:05:46,Beauty,138.3,Apple Pay,Approved
TXN-100625,CUST-86750,2026-05-05 03:46:47,Electronics,226.42,Credit Card,Approved
TXN-100374,CUST-54571,2026-05-05 09:30:35,Apparel,20.9,PayPal,Approved
TXN-100329,CUST-39260,2026-05-06 20:54:02,Books,24.98,PayPal,Approved
TXN-100632,CUST-90949,2026-05-07 03:41:32,Electronics,151.02,Credit Card,Approved
TXN-100582,CUST-87905,2026-05-07 10:29:57,Home & Kitchen,292.57,Credit Card,Approved
TXN-100367,CUST-64433,2026-05-07 20:56:42,Books,38.67,Apple Pay,Approved
TXN-100226,CUST-59313,2026-05-09 18:14:06,Books,34.35,Bank Transfer,Approved
TXN-100551,CUST-93153,2026-05-09 21:29:42,Home & Kitchen,363.82,PayPal,Approved
TXN-100698,CUST-20173,2026-05-09 23:22:39,Electronics,1156.85,PayPal,Approved
TXN-100550,CUST-40245,2026-05-10 04:54:47,Apparel,123.45,Apple Pay,Approved
TXN-100385,CUST-92238,2026-05-10 19:46:21,Books,48.27,Apple Pay,Approved
TXN-100832,CUST-65272,2026-05-11 05:31:19,Home & Kitchen,116.93,PayPal,Approved
TXN-100990,CUST-80239,2026-05-11 17:50:09,Electronics,1018.62,Bank Transfer,Approved
TXN-100476,CUST-21257,2026-05-12 00:11:28,Books,42.15,PayPal,Approved
TXN-100210,CUST-54833,2026-05-12 06:06:48,Apparel,43.15,Credit Card,Approved
TXN-100182,CUST-84830,2026-05-12 08:24:40,Books,27.55,PayPal,Approved
TXN-100665,CUST-66838,2026-05-12 17:04:54,Electronics,269.41,PayPal,Approved
TXN-100586,CUST-23419,2026-05-13 12:26:33,Books,25.78,Bank Transfer,Approved
TXN-100709,CUST-54580,2026-05-14 02:37:37,Home & Kitchen,292.46,Bank Transfer,Approved
TXN-100240,CUST-55898,2026-05-14 17:42:24,Home & Kitchen,138.75,Credit Card,Approved
TXN-100711,CUST-80335,2026-05-14 20:34:19,Apparel,99.03,Bank Transfer,Approved
TXN-100830,CUST-42455,2026-05-15 00:59:31,Apparel,72.75,Credit Card,Approved
TXN-100740,CUST-26448,2026-05-15 11:38:24,Electronics,447.07,PayPal,Approved
TXN-100348,CUST-65272,2026-05-15 14:25:08,Books,17.46,Apple Pay,Declined
TXN-100799,CUST-81194,2026-05-15 15:05:08,Electronics,221.45,Apple Pay,Approved
TXN-100036,CUST-29470,2026-05-15 23:24:24,Beauty,161.61,PayPal,Approved
TXN-100958,CUST-23570,2026-05-16 09:58:08,Home & Kitchen,162.07,PayPal,Approved
TXN-100068,CUST-57393,2026-05-16 11:21:36,Apparel,66.92,Credit Card,Approved
TXN-100161,CUST-25475,2026-05-16 17:11:24,Beauty,55.44,Credit Card,Approved
TXN-100721,CUST-87217,2026-05-16 18:41:52,Books,27.49,PayPal,Approved
TXN-100401,CUST-46493,2026-05-16 23:34:10,Beauty,90.02,PayPal,Approved
TXN-100785,CUST-78838,2026-05-17 00:47:36,Electronics,146.72,Apple Pay,Approved
TXN-100071,CUST-84289,2026-05-17 03:57:52,Electronics,307.37,Bank Transfer,Approved
TXN-100999,CUST-78838,2026-05-17 05:22:53,Beauty,18.57,Apple Pay,Approved
TXN-100684,CUST-82226,2026-05-17 20:45:33,Beauty,165.69,PayPal,Approved
TXN-100382,CUST-78838,2026-05-18 05:52:24,Apparel,29.93,Apple Pay,Approved
TXN-100535,CUST-25475,2026-05-18 11:02:45,Electronics,1018.64,PayPal,Approved
TXN-100166,CUST-64810,2026-05-18 19:26:18,Beauty,154.74,Credit Card,Approved
TXN-100373,CUST-90949,2026-05-19 04:38:50,Apparel,72.83,Bank Transfer,Approved
TXN-100241,CUST-68829,2026-05-19 06:03:39,Home & Kitchen,380.53,PayPal,Approved
TXN-100613,CUST-79220,2026-05-19 15:54:05,Apparel,110.88,Bank Transfer,Approved
TXN-100783,CUST-16891,2026-05-19 18:05:25,Apparel,73.59,Bank Transfer,Approved
TXN-100033,CUST-78838,2026-05-19 23:56:25,Apparel,26.41,Bank Transfer,Approved
TXN-100011,CUST-42455,2026-05-20 03:21:24,Books,23.56,Apple Pay,Approved
TXN-100760,CUST-42455,2026-05-20 06:01:23,Books,12.17,PayPal,Approved
TXN-100146,CUST-64433,2026-05-20 08:09:54,Home & Kitchen,135.42,Bank Transfer,Approved
TXN-100802,CUST-82226,2026-05-20 10:53:51,Books,35.95,PayPal,Approved
TXN-100184,CUST-78838,2026-05-20 11:53:23,Beauty,39.37,Apple Pay,Approved
TXN-100430,CUST-78838,2026-05-20 12:45:31,Home & Kitchen,301.02,Bank Transfer,Approved
TXN-100884,CUST-28907,2026-05-20 16:02:07,Electronics,1175.76,Credit Card,Approved
TXN-100257,CUST-68829,2026-05-21 00:44:56,Beauty,15.77,Credit Card,Approved
TXN-100605,CUST-21889,2026-05-21 07:09:46,Beauty,13.14,Apple Pay,Approved
TXN-100714,CUST-17812,2026-05-21 16:32:18,Electronics,304.13,PayPal,Approved
TXN-100591,CUST-26448,2026-05-22 01:13:07,Apparel,82.58,Bank Transfer,Approved
TXN-100358,CUST-22337,2026-05-22 03:07:57,Beauty,37.56,PayPal,Approved
TXN-100786,CUST-62175,2026-05-22 07:11:20,Apparel,30.17,Apple Pay,Approved
TXN-100097,CUST-90443,2026-05-22 08:35:51,Home & Kitchen,332.65,Apple Pay,Approved
TXN-100974,CUST-62175,2026-05-22 16:19:33,Books,33.28,Apple Pay,Approved
TXN-100288,CUST-86387,2026-05-23 00:10:08,Apparel,109.8,Apple Pay,Approved
TXN-100574,CUST-17076,2026-05-23 01:45:33,Home & Kitchen,143.2,Apple Pay,Approved
TXN-100826,CUST-42455,2026-05-23 06:34:49,Books,24.0,Credit Card,Approved
TXN-100511,CUST-62175,2026-05-23 07:17:29,Beauty,36.84,Bank Transfer,Approved
TXN-100965,CUST-42455,2026-05-23 12:17:35,Books,17.52,Bank Transfer,Approved
TXN-100978,CUST-62175,2026-05-23 21:48:56,Beauty,159.34,Bank Transfer,Approved
TXN-100864,CUST-62175,2026-05-23 23:49:01,Home & Kitchen,192.91,PayPal,Approved
TXN-100751,CUST-33688,2026-05-24 03:41:50,Beauty,65.29,PayPal,Approved
TXN-100037,CUST-65642,2026-05-24 03:49:11,Electronics,98.14,Bank Transfer,Approved
TXN-100085,CUST-33688,2026-05-24 04:07:18,Books,27.99,Credit Card,Approved
TXN-100429,CUST-80335,2026-05-24 05:08:19,Home & Kitchen,321.36,Credit Card,Approved
TXN-100949,CUST-62175,2026-05-24 10:58:43,Electronics,167.69,Credit Card,Approved
TXN-100252,CUST-80335,2026-05-24 12:55:44,Books,28.39,Credit Card,Approved
TXN-100507,CUST-33688,2026-05-24 13:58:15,Beauty,62.19,Apple Pay,Approved
TXN-100931,CUST-83972,2026-05-24 18:38:45,Home & Kitchen,178.81,Bank Transfer,Approved
TXN-100470,CUST-52445,2026-05-25 04:05:27,Apparel,45.23,Apple Pay,Approved
TXN-100509,CUST-78838,2026-05-25 09:21:36,Apparel,132.01,Apple Pay,Approved
TXN-100886,CUST-33688,2026-05-25 10:31:57,Home & Kitchen,21.83,Apple Pay,Approved
TXN-100431,CUST-77100,2026-05-25 17:31:46,Electronics,859.86,Apple Pay,Approved
TXN-100793,CUST-17076,2026-05-25 18:44:40,Books,16.26,Credit Card,Approved
TXN-100043,CUST-21889,2026-05-26 11:05:00,Beauty,38.01,PayPal,Approved
TXN-100626,CUST-33688,2026-05-26 11:46:12,Apparel,123.95,Credit Card,Approved
TXN-100719,CUST-22337,2026-05-26 18:58:47,Apparel,58.28,Apple Pay,Approved
